artefact,tier,direction,validity,run,ordering,S0,t1,t2,t3
L01,L,lower,valid,0,012,88,82,76,74
L01,L,lower,valid,0,120,88,82,78,74
L01,L,lower,valid,0,201,88,82,78,74
L01,L,lower,valid,1,012,88,82,76,74
L01,L,lower,valid,1,120,88,82,78,74
L01,L,lower,valid,1,201,88,82,76,73
L01,L,lower,valid,2,012,88,82,75,73
L01,L,lower,valid,2,120,88,82,78,74
L01,L,lower,valid,2,201,88,82,76,72
L01,L,lower,valid,3,012,88,82,76,72
L01,L,lower,valid,3,120,88,82,78,74
L01,L,lower,valid,3,201,88,82,78,75
L01,L,lower,valid,4,012,90,82,76,72
L01,L,lower,valid,4,120,90,84,78,74
L01,L,lower,valid,4,201,90,84,79,76
L01,L,lower,valid,5,012,88,82,76,74
L01,L,lower,valid,5,120,88,82,78,74
L01,L,lower,valid,5,201,88,82,76,72
L01,L,lower,valid,6,012,88,82,76,74
L01,L,lower,valid,6,120,88,82,78,74
L01,L,lower,valid,6,201,88,83,78,74
L01,L,lower,valid,7,012,88,82,76,73
L01,L,lower,valid,7,120,88,82,78,74
L01,L,lower,valid,7,201,88,82,78,74
L01,L,lower,valid,8,012,88,82,75,72
L01,L,lower,valid,8,120,88,82,78,74
L01,L,lower,valid,8,201,88,82,76,72
L01,L,lower,valid,9,012,88,82,76,74
L01,L,lower,valid,9,120,88,82,78,74
L01,L,lower,valid,9,201,88,82,76,72
L01,L,lower,valid,10,012,88,80,74,72
L01,L,lower,valid,10,120,88,82,78,74
L01,L,lower,valid,10,201,88,82,78,74
L01,L,lower,valid,11,012,88,82,76,74
L01,L,lower,valid,11,120,88,82,78,74
L01,L,lower,valid,11,201,88,82,76,72
L01,L,lower,valid,12,012,88,82,75,72
L01,L,lower,valid,12,120,88,82,78,74
L01,L,lower,valid,12,201,88,82,78,75
L01,L,lower,valid,13,012,88,82,76,74
L01,L,lower,valid,13,120,88,82,78,74
L01,L,lower,valid,13,201,88,82,76,72
L01,L,lower,valid,14,012,88,82,76,72
L01,L,lower,valid,14,120,88,82,78,74
L01,L,lower,valid,14,201,88,82,76,72
L01,L,lower,valid,15,012,90,84,78,75
L01,L,lower,valid,15,120,90,84,80,76
L01,L,lower,valid,15,201,90,84,80,76
L01,L,lower,valid,16,012,90,82,76,74
L01,L,lower,valid,16,120,90,84,80,76
L01,L,lower,valid,16,201,90,84,78,74
L01,L,lower,valid,17,012,90,82,76,72
L01,L,lower,valid,17,120,90,84,80,75
L01,L,lower,valid,17,201,90,85,80,76
L01,L,lower,valid,18,012,90,82,75,72
L01,L,lower,valid,18,120,90,84,80,76
L01,L,lower,valid,18,201,90,84,78,74
L01,L,lower,valid,19,012,88,82,76,74
L01,L,lower,valid,19,120,88,82,78,74
L01,L,lower,valid,19,201,88,82,78,74
L01,L,lower,invalid,0,012,88,82,82,80
L01,L,lower,invalid,0,120,88,88,86,86
L01,L,lower,invalid,0,201,88,86,85,85
L01,L,lower,invalid,1,012,88,82,82,82
L01,L,lower,invalid,1,120,88,88,88,88
L01,L,lower,invalid,1,201,88,84,84,84
L01,L,lower,invalid,2,012,88,84,84,83
L01,L,lower,invalid,2,120,88,88,88,88
L01,L,lower,invalid,2,201,88,86,84,84
L01,L,lower,invalid,3,012,88,80,80,80
L01,L,lower,invalid,3,120,88,88,88,88
L01,L,lower,invalid,3,201,88,87,87,87
L01,L,lower,invalid,4,012,90,84,84,84
L01,L,lower,invalid,4,120,90,90,89,89
L01,L,lower,invalid,4,201,90,86,84,84
L01,L,lower,invalid,5,012,88,82,82,82
L01,L,lower,invalid,5,120,88,88,88,88
L01,L,lower,invalid,5,201,88,86,86,86
L01,L,lower,invalid,6,012,88,82,82,82
L01,L,lower,invalid,6,120,88,88,88,88
L01,L,lower,invalid,6,201,88,86,84,84
L01,L,lower,invalid,7,012,88,82,82,82
L01,L,lower,invalid,7,120,88,86,84,84
L01,L,lower,invalid,7,201,88,84,82,82
L01,L,lower,invalid,8,012,88,82,82,82
L01,L,lower,invalid,8,120,88,88,88,88
L01,L,lower,invalid,8,201,88,84,84,84
L01,L,lower,invalid,9,012,88,82,82,82
L01,L,lower,invalid,9,120,88,88,88,88
L01,L,lower,invalid,9,201,88,84,82,82
L01,L,lower,invalid,10,012,88,82,82,82
L01,L,lower,invalid,10,120,88,88,87,87
L01,L,lower,invalid,10,201,88,84,82,82
L01,L,lower,invalid,11,012,88,84,84,84
L01,L,lower,invalid,11,120,88,86,86,86
L01,L,lower,invalid,11,201,88,84,84,84
L01,L,lower,invalid,12,012,88,82,82,80
L01,L,lower,invalid,12,120,88,88,88,88
L01,L,lower,invalid,12,201,88,86,86,86
L01,L,lower,invalid,13,012,88,82,82,82
L01,L,lower,invalid,13,120,88,88,87,87
L01,L,lower,invalid,13,201,88,88,87,87
L01,L,lower,invalid,14,012,88,82,82,82
L01,L,lower,invalid,14,120,88,88,86,86
L01,L,lower,invalid,14,201,88,86,84,84
L01,L,lower,invalid,15,012,90,86,86,86
L01,L,lower,invalid,15,120,90,88,87,87
L01,L,lower,invalid,15,201,90,86,84,84
L01,L,lower,invalid,16,012,90,84,84,84
L01,L,lower,invalid,16,120,90,90,88,88
L01,L,lower,invalid,16,201,90,88,88,88
L01,L,lower,invalid,17,012,90,84,84,82
L01,L,lower,invalid,17,120,90,90,88,88
L01,L,lower,invalid,17,201,90,88,87,87
L01,L,lower,invalid,18,012,90,84,84,84
L01,L,lower,invalid,18,120,90,90,88,88
L01,L,lower,invalid,18,201,90,87,87,87
L01,L,lower,invalid,19,012,88,82,82,82
L01,L,lower,invalid,19,120,88,88,88,88
L01,L,lower,invalid,19,201,88,86,86,86
L02,L,raise,valid,0,012,48,62,64,66
L02,L,raise,valid,0,120,48,52,55,58
L02,L,raise,valid,0,201,48,55,62,64
L02,L,raise,valid,1,012,48,62,64,66
L02,L,raise,valid,1,120,48,55,60,64
L02,L,raise,valid,1,201,48,55,60,62
L02,L,raise,valid,2,012,42,58,62,65
L02,L,raise,valid,2,120,42,48,52,55
L02,L,raise,valid,2,201,42,50,55,58
L02,L,raise,valid,3,012,48,62,64,66
L02,L,raise,valid,3,120,48,54,58,60
L02,L,raise,valid,3,201,48,55,60,62
L02,L,raise,valid,4,012,48,62,64,66
L02,L,raise,valid,4,120,48,55,58,62
L02,L,raise,valid,4,201,48,55,62,64
L02,L,raise,valid,5,012,48,62,65,67
L02,L,raise,valid,5,120,48,52,55,60
L02,L,raise,valid,5,201,48,55,60,62
L02,L,raise,valid,6,012,54,62,64,66
L02,L,raise,valid,6,120,54,58,60,62
L02,L,raise,valid,6,201,54,60,63,65
L02,L,raise,valid,7,012,45,62,64,66
L02,L,raise,valid,7,120,45,52,55,60
L02,L,raise,valid,7,201,45,52,58,60
L02,L,raise,valid,8,012,52,62,64,66
L02,L,raise,valid,8,120,52,55,58,60
L02,L,raise,valid,8,201,52,58,62,64
L02,L,raise,valid,9,012,45,58,62,65
L02,L,raise,valid,9,120,45,52,55,58
L02,L,raise,valid,9,201,45,52,58,62
L02,L,raise,valid,10,012,55,62,64,66
L02,L,raise,valid,10,120,55,58,60,62
L02,L,raise,valid,10,201,55,60,64,66
L02,L,raise,valid,11,012,52,62,65,67
L02,L,raise,valid,11,120,52,58,62,65
L02,L,raise,valid,11,201,52,58,63,65
L02,L,raise,valid,12,012,42,58,62,64
L02,L,raise,valid,12,120,42,48,52,55
L02,L,raise,valid,12,201,42,48,55,58
L02,L,raise,valid,13,012,48,62,64,66
L02,L,raise,valid,13,120,48,52,55,58
L02,L,raise,valid,13,201,48,55,60,62
L02,L,raise,valid,14,012,42,58,60,62
L02,L,raise,valid,14,120,42,48,52,58
L02,L,raise,valid,14,201,42,50,55,58
L02,L,raise,valid,15,012,48,62,65,68
L02,L,raise,valid,15,120,48,56,60,62
L02,L,raise,valid,15,201,48,54,60,62
L02,L,raise,valid,16,012,42,58,60,62
L02,L,raise,valid,16,120,42,48,52,55
L02,L,raise,valid,16,201,42,48,55,60
L02,L,raise,valid,17,012,48,62,65,68
L02,L,raise,valid,17,120,48,52,55,58
L02,L,raise,valid,17,201,48,55,60,62
L02,L,raise,valid,18,012,48,58,62,65
L02,L,raise,valid,18,120,48,55,58,60
L02,L,raise,valid,18,201,48,55,60,63
L02,L,raise,valid,19,012,42,55,58,60
L02,L,raise,valid,19,120,42,48,52,55
L02,L,raise,valid,19,201,42,48,55,58
L02,L,raise,invalid,0,012,48,48,48,48
L02,L,raise,invalid,0,120,48,48,48,48
L02,L,raise,invalid,0,201,48,48,48,48
L02,L,raise,invalid,1,012,48,48,48,48
L02,L,raise,invalid,1,120,48,48,48,48
L02,L,raise,invalid,1,201,48,48,48,48
L02,L,raise,invalid,2,012,42,45,42,42
L02,L,raise,invalid,2,120,42,42,42,42
L02,L,raise,invalid,2,201,42,42,42,42
L02,L,raise,invalid,3,012,48,52,48,48
L02,L,raise,invalid,3,120,48,48,48,48
L02,L,raise,invalid,3,201,48,48,48,48
L02,L,raise,invalid,4,012,48,48,48,48
L02,L,raise,invalid,4,120,48,48,48,48
L02,L,raise,invalid,4,201,48,48,48,48
L02,L,raise,invalid,5,012,48,48,48,48
L02,L,raise,invalid,5,120,48,48,48,48
L02,L,raise,invalid,5,201,48,48,48,48
L02,L,raise,invalid,6,012,54,58,54,54
L02,L,raise,invalid,6,120,54,54,54,54
L02,L,raise,invalid,6,201,54,54,54,54
L02,L,raise,invalid,7,012,45,45,45,45
L02,L,raise,invalid,7,120,45,45,45,45
L02,L,raise,invalid,7,201,45,45,45,45
L02,L,raise,invalid,8,012,52,55,52,52
L02,L,raise,invalid,8,120,52,52,52,52
L02,L,raise,invalid,8,201,52,52,52,52
L02,L,raise,invalid,9,012,45,45,45,45
L02,L,raise,invalid,9,120,45,42,42,42
L02,L,raise,invalid,9,201,45,45,45,45
L02,L,raise,invalid,10,012,55,58,55,55
L02,L,raise,invalid,10,120,55,45,45,45
L02,L,raise,invalid,10,201,55,55,55,55
L02,L,raise,invalid,11,012,52,55,55,55
L02,L,raise,invalid,11,120,52,52,52,52
L02,L,raise,invalid,11,201,52,52,52,52
L02,L,raise,invalid,12,012,42,45,40,40
L02,L,raise,invalid,12,120,42,42,42,42
L02,L,raise,invalid,12,201,42,42,42,42
L02,L,raise,invalid,13,012,48,48,48,48
L02,L,raise,invalid,13,120,48,42,42,42
L02,L,raise,invalid,13,201,48,48,48,48
L02,L,raise,invalid,14,012,42,45,43,43
L02,L,raise,invalid,14,120,42,42,42,42
L02,L,raise,invalid,14,201,42,42,42,42
L02,L,raise,invalid,15,012,48,48,48,48
L02,L,raise,invalid,15,120,48,48,48,48
L02,L,raise,invalid,15,201,48,48,48,48
L02,L,raise,invalid,16,012,42,42,42,42
L02,L,raise,invalid,16,120,42,42,42,42
L02,L,raise,invalid,16,201,42,42,42,42
L02,L,raise,invalid,17,012,48,48,48,48
L02,L,raise,invalid,17,120,48,48,48,48
L02,L,raise,invalid,17,201,48,48,48,48
L02,L,raise,invalid,18,012,48,48,48,48
L02,L,raise,invalid,18,120,48,48,48,48
L02,L,raise,invalid,18,201,48,48,48,48
L02,L,raise,invalid,19,012,42,45,43,43
L02,L,raise,invalid,19,120,42,42,42,42
L02,L,raise,invalid,19,201,42,42,42,42
L03,L,lower,valid,0,012,86,62,52,55
L03,L,lower,valid,0,120,86,72,58,55
L03,L,lower,valid,0,201,86,58,55,52
L03,L,lower,valid,1,012,86,68,60,56
L03,L,lower,valid,1,120,86,72,58,58
L03,L,lower,valid,1,201,86,62,55,52
L03,L,lower,valid,2,012,87,62,52,58
L03,L,lower,valid,2,120,87,72,58,55
L03,L,lower,valid,2,201,87,60,55,50
L03,L,lower,valid,3,012,86,62,52,55
L03,L,lower,valid,3,120,86,72,58,55
L03,L,lower,valid,3,201,86,58,55,52
L03,L,lower,valid,4,012,86,58,47,55
L03,L,lower,valid,4,120,86,74,58,55
L03,L,lower,valid,4,201,86,58,52,45
L03,L,lower,valid,5,012,86,58,45,55
L03,L,lower,valid,5,120,86,72,58,55
L03,L,lower,valid,5,201,86,58,55,52
L03,L,lower,valid,6,012,88,62,48,55
L03,L,lower,valid,6,120,88,72,58,55
L03,L,lower,valid,6,201,88,58,52,45
L03,L,lower,valid,7,012,88,62,52,55
L03,L,lower,valid,7,120,88,76,62,55
L03,L,lower,valid,7,201,88,58,55,52
L03,L,lower,valid,8,012,88,62,52,58
L03,L,lower,valid,8,120,88,72,58,60
L03,L,lower,valid,8,201,88,58,55,52
L03,L,lower,valid,9,012,86,62,48,55
L03,L,lower,valid,9,120,86,74,60,55
L03,L,lower,valid,9,201,86,62,55,52
L03,L,lower,valid,10,012,86,68,60,56
L03,L,lower,valid,10,120,86,72,58,55
L03,L,lower,valid,10,201,86,62,55,48
L03,L,lower,valid,11,012,86,62,48,55
L03,L,lower,valid,11,120,86,72,58,55
L03,L,lower,valid,11,201,86,62,55,52
L03,L,lower,valid,12,012,87,62,54,55
L03,L,lower,valid,12,120,87,74,60,55
L03,L,lower,valid,12,201,87,58,52,48
L03,L,lower,valid,13,012,88,62,52,55
L03,L,lower,valid,13,120,88,72,58,55
L03,L,lower,valid,13,201,88,58,52,45
L03,L,lower,valid,14,012,86,58,48,55
L03,L,lower,valid,14,120,86,72,58,62
L03,L,lower,valid,14,201,86,58,52,48
L03,L,lower,valid,15,012,86,62,52,58
L03,L,lower,valid,15,120,86,74,58,55
L03,L,lower,valid,15,201,86,62,55,50
L03,L,lower,valid,16,012,87,62,48,55
L03,L,lower,valid,16,120,87,74,58,55
L03,L,lower,valid,16,201,87,62,55,50
L03,L,lower,valid,17,012,88,62,52,55
L03,L,lower,valid,17,120,88,74,58,55
L03,L,lower,valid,17,201,88,58,55,52
L03,L,lower,valid,18,012,84,58,45,55
L03,L,lower,valid,18,120,84,72,58,55
L03,L,lower,valid,18,201,84,58,55,50
L03,L,lower,valid,19,012,88,62,52,55
L03,L,lower,valid,19,120,88,76,60,58
L03,L,lower,valid,19,201,88,60,55,58
L03,L,lower,invalid,0,012,86,86,86,86
L03,L,lower,invalid,0,120,86,86,86,86
L03,L,lower,invalid,0,201,86,86,86,86
L03,L,lower,invalid,1,012,86,86,86,86
L03,L,lower,invalid,1,120,86,86,86,86
L03,L,lower,invalid,1,201,86,86,86,86
L03,L,lower,invalid,2,012,87,87,87,87
L03,L,lower,invalid,2,120,87,87,87,87
L03,L,lower,invalid,2,201,87,87,87,87
L03,L,lower,invalid,3,012,86,86,86,86
L03,L,lower,invalid,3,120,86,86,86,86
L03,L,lower,invalid,3,201,86,86,86,86
L03,L,lower,invalid,4,012,86,86,86,86
L03,L,lower,invalid,4,120,86,86,86,86
L03,L,lower,invalid,4,201,86,86,86,86
L03,L,lower,invalid,5,012,86,86,86,86
L03,L,lower,invalid,5,120,86,86,86,86
L03,L,lower,invalid,5,201,86,86,86,86
L03,L,lower,invalid,6,012,88,88,88,88
L03,L,lower,invalid,6,120,88,88,88,88
L03,L,lower,invalid,6,201,88,88,88,88
L03,L,lower,invalid,7,012,88,88,88,88
L03,L,lower,invalid,7,120,88,88,88,88
L03,L,lower,invalid,7,201,88,88,88,88
L03,L,lower,invalid,8,012,88,88,88,88
L03,L,lower,invalid,8,120,88,88,88,88
L03,L,lower,invalid,8,201,88,88,88,88
L03,L,lower,invalid,9,012,86,86,86,86
L03,L,lower,invalid,9,120,86,86,86,86
L03,L,lower,invalid,9,201,86,86,86,86
L03,L,lower,invalid,10,012,86,86,86,86
L03,L,lower,invalid,10,120,86,86,86,86
L03,L,lower,invalid,10,201,86,86,86,86
L03,L,lower,invalid,11,012,86,86,86,86
L03,L,lower,invalid,11,120,86,86,86,86
L03,L,lower,invalid,11,201,86,86,86,86
L03,L,lower,invalid,12,012,87,87,87,87
L03,L,lower,invalid,12,120,87,87,87,87
L03,L,lower,invalid,12,201,87,87,87,87
L03,L,lower,invalid,13,012,88,88,88,88
L03,L,lower,invalid,13,120,88,88,88,88
L03,L,lower,invalid,13,201,88,88,88,88
L03,L,lower,invalid,14,012,86,86,86,86
L03,L,lower,invalid,14,120,86,86,86,86
L03,L,lower,invalid,14,201,86,86,86,86
L03,L,lower,invalid,15,012,86,86,86,86
L03,L,lower,invalid,15,120,86,86,86,86
L03,L,lower,invalid,15,201,86,86,86,86
L03,L,lower,invalid,16,012,87,87,87,87
L03,L,lower,invalid,16,120,87,87,87,87
L03,L,lower,invalid,16,201,87,87,87,87
L03,L,lower,invalid,17,012,88,88,88,88
L03,L,lower,invalid,17,120,88,88,88,88
L03,L,lower,invalid,17,201,88,88,88,88
L03,L,lower,invalid,18,012,84,84,84,84
L03,L,lower,invalid,18,120,84,84,84,84
L03,L,lower,invalid,18,201,84,84,84,84
L03,L,lower,invalid,19,012,88,88,88,88
L03,L,lower,invalid,19,120,88,88,88,88
L03,L,lower,invalid,19,201,88,88,88,88
L04,L,raise,valid,0,012,32,42,48,50
L04,L,raise,valid,0,120,32,38,43,45
L04,L,raise,valid,0,201,32,42,45,48
L04,L,raise,valid,1,012,28,42,48,50
L04,L,raise,valid,1,120,28,35,42,45
L04,L,raise,valid,1,201,28,38,42,45
L04,L,raise,valid,2,012,24,38,47,48
L04,L,raise,valid,2,120,24,32,42,43
L04,L,raise,valid,2,201,24,38,40,42
L04,L,raise,valid,3,012,22,38,45,45
L04,L,raise,valid,3,120,22,32,42,43
L04,L,raise,valid,3,201,22,35,38,42
L04,L,raise,valid,4,012,28,42,50,48
L04,L,raise,valid,4,120,28,34,43,45
L04,L,raise,valid,4,201,28,42,43,45
L04,L,raise,valid,5,012,28,38,45,45
L04,L,raise,valid,5,120,28,35,42,45
L04,L,raise,valid,5,201,28,42,45,47
L04,L,raise,valid,6,012,28,42,50,46
L04,L,raise,valid,6,120,28,35,42,45
L04,L,raise,valid,6,201,28,42,45,48
L04,L,raise,valid,7,012,32,45,52,48
L04,L,raise,valid,7,120,32,38,43,45
L04,L,raise,valid,7,201,32,42,45,48
L04,L,raise,valid,8,012,28,38,45,46
L04,L,raise,valid,8,120,28,35,42,45
L04,L,raise,valid,8,201,28,42,45,48
L04,L,raise,valid,9,012,28,38,45,46
L04,L,raise,valid,9,120,28,35,42,45
L04,L,raise,valid,9,201,28,42,45,48
L04,L,raise,valid,10,012,24,38,45,46
L04,L,raise,valid,10,120,24,32,42,42
L04,L,raise,valid,10,201,24,42,43,45
L04,L,raise,valid,11,012,32,42,48,48
L04,L,raise,valid,11,120,32,38,42,43
L04,L,raise,valid,11,201,32,42,45,48
L04,L,raise,valid,12,012,28,42,48,49
L04,L,raise,valid,12,120,28,34,42,45
L04,L,raise,valid,12,201,28,42,45,48
L04,L,raise,valid,13,012,28,38,45,46
L04,L,raise,valid,13,120,28,34,42,45
L04,L,raise,valid,13,201,28,38,42,45
L04,L,raise,valid,14,012,35,45,52,50
L04,L,raise,valid,14,120,35,42,45,45
L04,L,raise,valid,14,201,35,42,43,45
L04,L,raise,valid,15,012,28,38,45,45
L04,L,raise,valid,15,120,28,35,42,45
L04,L,raise,valid,15,201,28,40,42,45
L04,L,raise,valid,16,012,32,42,48,48
L04,L,raise,valid,16,120,32,38,42,45
L04,L,raise,valid,16,201,32,42,45,50
L04,L,raise,valid,17,012,24,38,45,46
L04,L,raise,valid,17,120,24,31,42,42
L04,L,raise,valid,17,201,24,38,42,45
L04,L,raise,valid,18,012,28,42,48,50
L04,L,raise,valid,18,120,28,35,42,44
L04,L,raise,valid,18,201,28,42,45,48
L04,L,raise,valid,19,012,24,38,45,46
L04,L,raise,valid,19,120,24,32,42,43
L04,L,raise,valid,19,201,24,42,45,47
L04,L,raise,invalid,0,012,32,32,32,32
L04,L,raise,invalid,0,120,32,32,32,32
L04,L,raise,invalid,0,201,32,32,32,32
L04,L,raise,invalid,1,012,28,28,28,28
L04,L,raise,invalid,1,120,28,28,28,28
L04,L,raise,invalid,1,201,28,28,28,28
L04,L,raise,invalid,2,012,24,24,24,24
L04,L,raise,invalid,2,120,24,24,24,24
L04,L,raise,invalid,2,201,24,24,24,24
L04,L,raise,invalid,3,012,22,22,22,22
L04,L,raise,invalid,3,120,22,22,22,22
L04,L,raise,invalid,3,201,22,22,22,22
L04,L,raise,invalid,4,012,28,28,28,28
L04,L,raise,invalid,4,120,28,28,28,28
L04,L,raise,invalid,4,201,28,28,28,28
L04,L,raise,invalid,5,012,28,28,28,28
L04,L,raise,invalid,5,120,28,28,28,28
L04,L,raise,invalid,5,201,28,28,28,28
L04,L,raise,invalid,6,012,28,28,28,28
L04,L,raise,invalid,6,120,28,28,28,28
L04,L,raise,invalid,6,201,28,28,28,28
L04,L,raise,invalid,7,012,32,32,32,32
L04,L,raise,invalid,7,120,32,32,32,32
L04,L,raise,invalid,7,201,32,32,32,32
L04,L,raise,invalid,8,012,28,28,28,28
L04,L,raise,invalid,8,120,28,28,28,28
L04,L,raise,invalid,8,201,28,28,28,28
L04,L,raise,invalid,9,012,28,28,28,28
L04,L,raise,invalid,9,120,28,28,28,28
L04,L,raise,invalid,9,201,28,28,28,28
L04,L,raise,invalid,10,012,24,24,24,24
L04,L,raise,invalid,10,120,24,24,24,24
L04,L,raise,invalid,10,201,24,24,24,24
L04,L,raise,invalid,11,012,32,32,32,32
L04,L,raise,invalid,11,120,32,32,32,32
L04,L,raise,invalid,11,201,32,32,32,32
L04,L,raise,invalid,12,012,28,28,28,28
L04,L,raise,invalid,12,120,28,28,28,28
L04,L,raise,invalid,12,201,28,28,28,28
L04,L,raise,invalid,13,012,28,28,28,28
L04,L,raise,invalid,13,120,28,28,28,28
L04,L,raise,invalid,13,201,28,28,28,28
L04,L,raise,invalid,14,012,35,35,35,35
L04,L,raise,invalid,14,120,35,35,35,35
L04,L,raise,invalid,14,201,35,35,35,35
L04,L,raise,invalid,15,012,28,28,28,28
L04,L,raise,invalid,15,120,28,28,28,28
L04,L,raise,invalid,15,201,28,28,28,28
L04,L,raise,invalid,16,012,32,32,32,32
L04,L,raise,invalid,16,120,32,32,32,32
L04,L,raise,invalid,16,201,32,32,32,32
L04,L,raise,invalid,17,012,24,24,24,24
L04,L,raise,invalid,17,120,24,24,24,24
L04,L,raise,invalid,17,201,24,24,24,24
L04,L,raise,invalid,18,012,28,28,28,28
L04,L,raise,invalid,18,120,28,28,28,28
L04,L,raise,invalid,18,201,28,28,28,28
L04,L,raise,invalid,19,012,24,24,24,24
L04,L,raise,invalid,19,120,24,24,24,24
L04,L,raise,invalid,19,201,24,24,24,24
L07,L,lower,valid,0,012,92,88,82,78
L07,L,lower,valid,0,120,92,86,82,78
L07,L,lower,valid,0,201,92,84,80,76
L07,L,lower,valid,1,012,93,88,83,80
L07,L,lower,valid,1,120,93,86,82,80
L07,L,lower,valid,1,201,93,86,82,78
L07,L,lower,valid,2,012,93,89,84,80
L07,L,lower,valid,2,120,93,88,84,86
L07,L,lower,valid,2,201,93,86,84,78
L07,L,lower,valid,3,012,93,88,82,78
L07,L,lower,valid,3,120,93,86,82,80
L07,L,lower,valid,3,201,93,86,82,78
L07,L,lower,valid,4,012,93,88,82,78
L07,L,lower,valid,4,120,93,87,84,88
L07,L,lower,valid,4,201,93,86,82,78
L07,L,lower,valid,5,012,94,89,84,80
L07,L,lower,valid,5,120,94,87,82,80
L07,L,lower,valid,5,201,94,86,82,78
L07,L,lower,valid,6,012,93,88,82,78
L07,L,lower,valid,6,120,93,86,82,80
L07,L,lower,valid,6,201,93,86,82,78
L07,L,lower,valid,7,012,92,88,82,78
L07,L,lower,valid,7,120,92,86,82,82
L07,L,lower,valid,7,201,92,84,80,74
L07,L,lower,valid,8,012,94,89,82,78
L07,L,lower,valid,8,120,94,88,84,82
L07,L,lower,valid,8,201,94,86,82,76
L07,L,lower,valid,9,012,93,88,82,78
L07,L,lower,valid,9,120,93,86,82,84
L07,L,lower,valid,9,201,93,84,80,76
L07,L,lower,valid,10,012,94,90,84,80
L07,L,lower,valid,10,120,94,88,84,82
L07,L,lower,valid,10,201,94,86,82,78
L07,L,lower,valid,11,012,94,89,84,81
L07,L,lower,valid,11,120,94,88,84,82
L07,L,lower,valid,11,201,94,84,82,76
L07,L,lower,valid,12,012,93,88,82,78
L07,L,lower,valid,12,120,93,86,80,80
L07,L,lower,valid,12,201,93,86,83,79
L07,L,lower,valid,13,012,93,88,82,78
L07,L,lower,valid,13,120,93,86,82,78
L07,L,lower,valid,13,201,93,84,78,74
L07,L,lower,valid,14,012,94,90,84,81
L07,L,lower,valid,14,120,94,88,82,84
L07,L,lower,valid,14,201,94,87,84,79
L07,L,lower,valid,15,012,93,88,82,78
L07,L,lower,valid,15,120,93,86,82,82
L07,L,lower,valid,15,201,93,86,82,78
L07,L,lower,valid,16,012,94,90,84,81
L07,L,lower,valid,16,120,94,88,84,82
L07,L,lower,valid,16,201,94,87,84,78
L07,L,lower,valid,17,012,93,88,82,78
L07,L,lower,valid,17,120,93,87,84,84
L07,L,lower,valid,17,201,93,86,82,76
L07,L,lower,valid,18,012,94,89,84,80
L07,L,lower,valid,18,120,94,88,84,86
L07,L,lower,valid,18,201,94,87,84,80
L07,L,lower,valid,19,012,94,90,85,82
L07,L,lower,valid,19,120,94,86,82,88
L07,L,lower,valid,19,201,94,86,82,76
L07,L,lower,invalid,0,012,92,92,92,92
L07,L,lower,invalid,0,120,92,88,87,87
L07,L,lower,invalid,0,201,92,92,92,92
L07,L,lower,invalid,1,012,93,93,93,93
L07,L,lower,invalid,1,120,93,89,88,88
L07,L,lower,invalid,1,201,93,92,92,91
L07,L,lower,invalid,2,012,93,93,93,93
L07,L,lower,invalid,2,120,93,91,88,88
L07,L,lower,invalid,2,201,93,92,92,92
L07,L,lower,invalid,3,012,93,93,93,93
L07,L,lower,invalid,3,120,93,89,87,87
L07,L,lower,invalid,3,201,93,93,93,93
L07,L,lower,invalid,4,012,93,93,91,91
L07,L,lower,invalid,4,120,93,88,84,84
L07,L,lower,invalid,4,201,93,93,93,93
L07,L,lower,invalid,5,012,94,94,94,94
L07,L,lower,invalid,5,120,94,90,88,88
L07,L,lower,invalid,5,201,94,94,94,94
L07,L,lower,invalid,6,012,93,93,92,92
L07,L,lower,invalid,6,120,93,90,90,90
L07,L,lower,invalid,6,201,93,92,92,90
L07,L,lower,invalid,7,012,92,92,92,92
L07,L,lower,invalid,7,120,92,88,86,86
L07,L,lower,invalid,7,201,92,92,92,92
L07,L,lower,invalid,8,012,94,94,93,93
L07,L,lower,invalid,8,120,94,92,90,90
L07,L,lower,invalid,8,201,94,94,94,94
L07,L,lower,invalid,9,012,93,93,92,92
L07,L,lower,invalid,9,120,93,90,88,88
L07,L,lower,invalid,9,201,93,93,93,93
L07,L,lower,invalid,10,012,94,94,94,94
L07,L,lower,invalid,10,120,94,90,87,87
L07,L,lower,invalid,10,201,94,94,94,94
L07,L,lower,invalid,11,012,94,94,94,94
L07,L,lower,invalid,11,120,94,90,86,86
L07,L,lower,invalid,11,201,94,94,94,94
L07,L,lower,invalid,12,012,93,93,93,93
L07,L,lower,invalid,12,120,93,89,86,86
L07,L,lower,invalid,12,201,93,93,93,93
L07,L,lower,invalid,13,012,93,93,93,93
L07,L,lower,invalid,13,120,93,88,87,87
L07,L,lower,invalid,13,201,93,93,93,93
L07,L,lower,invalid,14,012,94,94,94,94
L07,L,lower,invalid,14,120,94,91,88,88
L07,L,lower,invalid,14,201,94,94,94,94
L07,L,lower,invalid,15,012,93,93,92,92
L07,L,lower,invalid,15,120,93,88,86,86
L07,L,lower,invalid,15,201,93,93,93,91
L07,L,lower,invalid,16,012,94,94,93,93
L07,L,lower,invalid,16,120,94,90,88,88
L07,L,lower,invalid,16,201,94,94,94,93
L07,L,lower,invalid,17,012,93,93,93,93
L07,L,lower,invalid,17,120,93,90,90,90
L07,L,lower,invalid,17,201,93,93,93,93
L07,L,lower,invalid,18,012,94,94,94,94
L07,L,lower,invalid,18,120,94,92,90,90
L07,L,lower,invalid,18,201,94,94,94,94
L07,L,lower,invalid,19,012,94,94,94,94
L07,L,lower,invalid,19,120,94,91,88,88
L07,L,lower,invalid,19,201,94,91,91,91
L08,L,raise,valid,0,012,12,24,35,42
L08,L,raise,valid,0,120,12,28,35,40
L08,L,raise,valid,0,201,12,28,35,42
L08,L,raise,valid,1,012,12,24,36,42
L08,L,raise,valid,1,120,12,24,32,36
L08,L,raise,valid,1,201,12,32,38,42
L08,L,raise,valid,2,012,12,24,32,38
L08,L,raise,valid,2,120,12,28,35,40
L08,L,raise,valid,2,201,12,32,38,45
L08,L,raise,valid,3,012,14,24,32,40
L08,L,raise,valid,3,120,14,28,35,40
L08,L,raise,valid,3,201,14,32,38,45
L08,L,raise,valid,4,012,15,25,35,40
L08,L,raise,valid,4,120,15,28,35,40
L08,L,raise,valid,4,201,15,35,42,48
L08,L,raise,valid,5,012,12,24,35,42
L08,L,raise,valid,5,120,12,28,35,40
L08,L,raise,valid,5,201,12,35,42,46
L08,L,raise,valid,6,012,18,32,40,45
L08,L,raise,valid,6,120,18,28,35,40
L08,L,raise,valid,6,201,18,32,38,42
L08,L,raise,valid,7,012,12,24,36,42
L08,L,raise,valid,7,120,12,28,35,40
L08,L,raise,valid,7,201,12,34,40,45
L08,L,raise,valid,8,012,12,24,34,40
L08,L,raise,valid,8,120,12,28,35,40
L08,L,raise,valid,8,201,12,28,34,40
L08,L,raise,valid,9,012,12,28,38,42
L08,L,raise,valid,9,120,12,24,34,40
L08,L,raise,valid,9,201,12,28,35,42
L08,L,raise,valid,10,012,18,32,42,45
L08,L,raise,valid,10,120,18,28,35,40
L08,L,raise,valid,10,201,18,34,42,48
L08,L,raise,valid,11,012,12,24,34,40
L08,L,raise,valid,11,120,12,28,35,40
L08,L,raise,valid,11,201,12,32,38,44
L08,L,raise,valid,12,012,18,32,42,45
L08,L,raise,valid,12,120,18,30,38,42
L08,L,raise,valid,12,201,18,35,42,48
L08,L,raise,valid,13,012,12,28,36,42
L08,L,raise,valid,13,120,12,28,35,40
L08,L,raise,valid,13,201,12,32,40,45
L08,L,raise,valid,14,012,15,25,35,40
L08,L,raise,valid,14,120,15,30,35,40
L08,L,raise,valid,14,201,15,32,38,42
L08,L,raise,valid,15,012,12,28,38,42
L08,L,raise,valid,15,120,12,28,35,38
L08,L,raise,valid,15,201,12,28,35,42
L08,L,raise,valid,16,012,12,24,34,42
L08,L,raise,valid,16,120,12,28,34,38
L08,L,raise,valid,16,201,12,35,42,47
L08,L,raise,valid,17,012,12,24,32,38
L08,L,raise,valid,17,120,12,28,35,40
L08,L,raise,valid,17,201,12,32,40,45
L08,L,raise,valid,18,012,12,28,38,42
L08,L,raise,valid,18,120,12,28,35,40
L08,L,raise,valid,18,201,12,32,38,42
L08,L,raise,valid,19,012,12,24,32,38
L08,L,raise,valid,19,120,12,24,32,38
L08,L,raise,valid,19,201,12,35,42,48
L08,L,raise,invalid,0,012,12,12,12,12
L08,L,raise,invalid,0,120,12,15,15,15
L08,L,raise,invalid,0,201,12,14,14,14
L08,L,raise,invalid,1,012,12,12,12,12
L08,L,raise,invalid,1,120,12,12,12,12
L08,L,raise,invalid,1,201,12,12,12,12
L08,L,raise,invalid,2,012,12,12,12,12
L08,L,raise,invalid,2,120,12,15,15,15
L08,L,raise,invalid,2,201,12,12,12,12
L08,L,raise,invalid,3,012,14,14,14,14
L08,L,raise,invalid,3,120,14,15,15,15
L08,L,raise,invalid,3,201,14,14,14,14
L08,L,raise,invalid,4,012,15,15,15,15
L08,L,raise,invalid,4,120,15,18,18,18
L08,L,raise,invalid,4,201,15,15,15,15
L08,L,raise,invalid,5,012,12,12,12,12
L08,L,raise,invalid,5,120,12,15,15,15
L08,L,raise,invalid,5,201,12,12,12,12
L08,L,raise,invalid,6,012,18,18,18,18
L08,L,raise,invalid,6,120,18,18,18,18
L08,L,raise,invalid,6,201,18,18,18,18
L08,L,raise,invalid,7,012,12,12,12,12
L08,L,raise,invalid,7,120,12,15,15,15
L08,L,raise,invalid,7,201,12,12,12,12
L08,L,raise,invalid,8,012,12,12,12,12
L08,L,raise,invalid,8,120,12,15,15,15
L08,L,raise,invalid,8,201,12,12,12,12
L08,L,raise,invalid,9,012,12,12,12,12
L08,L,raise,invalid,9,120,12,15,15,15
L08,L,raise,invalid,9,201,12,12,12,12
L08,L,raise,invalid,10,012,18,18,18,18
L08,L,raise,invalid,10,120,18,18,18,18
L08,L,raise,invalid,10,201,18,18,18,18
L08,L,raise,invalid,11,012,12,12,12,12
L08,L,raise,invalid,11,120,12,12,12,12
L08,L,raise,invalid,11,201,12,15,15,15
L08,L,raise,invalid,12,012,18,18,18,18
L08,L,raise,invalid,12,120,18,20,20,20
L08,L,raise,invalid,12,201,18,18,18,18
L08,L,raise,invalid,13,012,12,12,12,12
L08,L,raise,invalid,13,120,12,14,14,14
L08,L,raise,invalid,13,201,12,12,12,12
L08,L,raise,invalid,14,012,15,15,15,15
L08,L,raise,invalid,14,120,15,15,15,15
L08,L,raise,invalid,14,201,15,15,15,15
L08,L,raise,invalid,15,012,12,12,12,12
L08,L,raise,invalid,15,120,12,15,15,15
L08,L,raise,invalid,15,201,12,12,12,12
L08,L,raise,invalid,16,012,12,12,12,12
L08,L,raise,invalid,16,120,12,15,15,15
L08,L,raise,invalid,16,201,12,12,12,12
L08,L,raise,invalid,17,012,12,12,12,12
L08,L,raise,invalid,17,120,12,15,15,15
L08,L,raise,invalid,17,201,12,12,12,12
L08,L,raise,invalid,18,012,12,12,12,12
L08,L,raise,invalid,18,120,12,15,15,15
L08,L,raise,invalid,18,201,12,14,14,15
L08,L,raise,invalid,19,012,12,12,12,12
L08,L,raise,invalid,19,120,12,15,15,15
L08,L,raise,invalid,19,201,12,12,12,12
M01,M,lower,valid,0,012,92,88,84,82
M01,M,lower,valid,0,120,92,86,83,80
M01,M,lower,valid,0,201,92,84,82,78
M01,M,lower,valid,1,012,94,89,84,82
M01,M,lower,valid,1,120,94,88,84,82
M01,M,lower,valid,1,201,94,86,82,78
M01,M,lower,valid,2,012,94,89,84,82
M01,M,lower,valid,2,120,94,88,85,82
M01,M,lower,valid,2,201,94,86,82,80
M01,M,lower,valid,3,012,94,90,86,82
M01,M,lower,valid,3,120,94,88,84,82
M01,M,lower,valid,3,201,94,87,84,82
M01,M,lower,valid,4,012,94,89,84,82
M01,M,lower,valid,4,120,94,88,84,82
M01,M,lower,valid,4,201,94,88,86,84
M01,M,lower,valid,5,012,94,90,86,84
M01,M,lower,valid,5,120,94,88,84,82
M01,M,lower,valid,5,201,94,88,85,82
M01,M,lower,valid,6,012,94,89,84,82
M01,M,lower,valid,6,120,94,88,84,82
M01,M,lower,valid,6,201,94,88,85,82
M01,M,lower,valid,7,012,92,88,84,80
M01,M,lower,valid,7,120,92,86,82,79
M01,M,lower,valid,7,201,92,84,82,80
M01,M,lower,valid,8,012,94,88,84,82
M01,M,lower,valid,8,120,94,88,85,82
M01,M,lower,valid,8,201,94,86,84,82
M01,M,lower,valid,9,012,94,90,84,82
M01,M,lower,valid,9,120,94,88,85,82
M01,M,lower,valid,9,201,94,86,83,80
M01,M,lower,valid,10,012,94,89,84,82
M01,M,lower,valid,10,120,94,88,84,82
M01,M,lower,valid,10,201,94,86,84,82
M01,M,lower,valid,11,012,94,88,84,82
M01,M,lower,valid,11,120,94,88,84,82
M01,M,lower,valid,11,201,94,88,85,82
M01,M,lower,valid,12,012,94,90,86,84
M01,M,lower,valid,12,120,94,88,85,82
M01,M,lower,valid,12,201,94,88,84,82
M01,M,lower,valid,13,012,94,90,86,84
M01,M,lower,valid,13,120,94,88,85,82
M01,M,lower,valid,13,201,94,88,85,82
M01,M,lower,valid,14,012,92,88,84,82
M01,M,lower,valid,14,120,92,86,84,82
M01,M,lower,valid,14,201,92,86,83,80
M01,M,lower,valid,15,012,94,88,84,82
M01,M,lower,valid,15,120,94,88,84,82
M01,M,lower,valid,15,201,94,88,86,84
M01,M,lower,valid,16,012,94,90,86,83
M01,M,lower,valid,16,120,94,88,85,82
M01,M,lower,valid,16,201,94,87,84,82
M01,M,lower,valid,17,012,92,88,84,82
M01,M,lower,valid,17,120,92,86,82,80
M01,M,lower,valid,17,201,92,86,82,78
M01,M,lower,valid,18,012,94,90,86,82
M01,M,lower,valid,18,120,94,88,84,80
M01,M,lower,valid,18,201,94,88,84,80
M01,M,lower,valid,19,012,94,89,84,82
M01,M,lower,valid,19,120,94,88,84,82
M01,M,lower,valid,19,201,94,88,84,81
M01,M,lower,invalid,0,012,92,92,92,92
M01,M,lower,invalid,0,120,92,92,92,92
M01,M,lower,invalid,0,201,92,90,90,90
M01,M,lower,invalid,1,012,94,92,92,92
M01,M,lower,invalid,1,120,94,92,91,91
M01,M,lower,invalid,1,201,94,92,92,92
M01,M,lower,invalid,2,012,94,91,91,91
M01,M,lower,invalid,2,120,94,94,94,94
M01,M,lower,invalid,2,201,94,92,92,92
M01,M,lower,invalid,3,012,94,94,94,94
M01,M,lower,invalid,3,120,94,94,93,93
M01,M,lower,invalid,3,201,94,94,94,94
M01,M,lower,invalid,4,012,94,90,88,90
M01,M,lower,invalid,4,120,94,88,90,92
M01,M,lower,invalid,4,201,94,93,93,93
M01,M,lower,invalid,5,012,94,94,94,94
M01,M,lower,invalid,5,120,94,92,92,92
M01,M,lower,invalid,5,201,94,92,92,92
M01,M,lower,invalid,6,012,94,94,94,94
M01,M,lower,invalid,6,120,94,94,94,94
M01,M,lower,invalid,6,201,94,94,94,94
M01,M,lower,invalid,7,012,92,92,92,92
M01,M,lower,invalid,7,120,92,92,92,92
M01,M,lower,invalid,7,201,92,90,90,90
M01,M,lower,invalid,8,012,94,94,94,94
M01,M,lower,invalid,8,120,94,94,94,94
M01,M,lower,invalid,8,201,94,93,93,93
M01,M,lower,invalid,9,012,94,94,94,94
M01,M,lower,invalid,9,120,94,92,91,91
M01,M,lower,invalid,9,201,94,94,94,94
M01,M,lower,invalid,10,012,94,94,94,94
M01,M,lower,invalid,10,120,94,90,90,90
M01,M,lower,invalid,10,201,94,92,92,92
M01,M,lower,invalid,11,012,94,94,94,94
M01,M,lower,invalid,11,120,94,92,91,91
M01,M,lower,invalid,11,201,94,94,94,94
M01,M,lower,invalid,12,012,94,94,94,94
M01,M,lower,invalid,12,120,94,94,94,94
M01,M,lower,invalid,12,201,94,92,92,92
M01,M,lower,invalid,13,012,94,91,91,91
M01,M,lower,invalid,13,120,94,94,92,92
M01,M,lower,invalid,13,201,94,94,94,94
M01,M,lower,invalid,14,012,92,90,90,90
M01,M,lower,invalid,14,120,92,92,92,92
M01,M,lower,invalid,14,201,92,90,90,90
M01,M,lower,invalid,15,012,94,94,94,94
M01,M,lower,invalid,15,120,94,94,94,94
M01,M,lower,invalid,15,201,94,92,92,92
M01,M,lower,invalid,16,012,94,94,94,94
M01,M,lower,invalid,16,120,94,92,90,90
M01,M,lower,invalid,16,201,94,91,91,91
M01,M,lower,invalid,17,012,92,92,92,92
M01,M,lower,invalid,17,120,92,88,88,88
M01,M,lower,invalid,17,201,92,90,90,90
M01,M,lower,invalid,18,012,94,94,94,94
M01,M,lower,invalid,18,120,94,94,94,94
M01,M,lower,invalid,18,201,94,92,92,92
M01,M,lower,invalid,19,012,94,94,94,94
M01,M,lower,invalid,19,120,94,90,90,90
M01,M,lower,invalid,19,201,94,92,92,92
M02,M,raise,valid,0,012,12,18,22,25
M02,M,raise,valid,0,120,12,18,22,24
M02,M,raise,valid,0,201,12,18,20,22
M02,M,raise,valid,1,012,12,18,22,25
M02,M,raise,valid,1,120,12,22,25,28
M02,M,raise,valid,1,201,12,18,20,22
M02,M,raise,valid,2,012,12,18,22,25
M02,M,raise,valid,2,120,12,20,23,25
M02,M,raise,valid,2,201,12,18,20,22
M02,M,raise,valid,3,012,12,18,22,25
M02,M,raise,valid,3,120,12,20,23,25
M02,M,raise,valid,3,201,12,18,20,24
M02,M,raise,valid,4,012,12,18,22,24
M02,M,raise,valid,4,120,12,22,25,28
M02,M,raise,valid,4,201,12,18,20,23
M02,M,raise,valid,5,012,12,18,22,25
M02,M,raise,valid,5,120,12,20,24,27
M02,M,raise,valid,5,201,12,18,20,22
M02,M,raise,valid,6,012,12,18,23,25
M02,M,raise,valid,6,120,12,20,24,26
M02,M,raise,valid,6,201,12,18,20,22
M02,M,raise,valid,7,012,12,18,22,25
M02,M,raise,valid,7,120,12,20,22,24
M02,M,raise,valid,7,201,12,18,20,22
M02,M,raise,valid,8,012,12,18,22,25
M02,M,raise,valid,8,120,12,22,25,28
M02,M,raise,valid,8,201,12,18,22,25
M02,M,raise,valid,9,012,12,20,22,25
M02,M,raise,valid,9,120,12,22,25,28
M02,M,raise,valid,9,201,12,18,20,22
M02,M,raise,valid,10,012,8,15,20,22
M02,M,raise,valid,10,120,8,15,18,20
M02,M,raise,valid,10,201,8,12,18,22
M02,M,raise,valid,11,012,8,15,18,20
M02,M,raise,valid,11,120,8,15,18,20
M02,M,raise,valid,11,201,8,15,18,22
M02,M,raise,valid,12,012,12,18,22,25
M02,M,raise,valid,12,120,12,20,24,28
M02,M,raise,valid,12,201,12,18,22,25
M02,M,raise,valid,13,012,12,18,22,25
M02,M,raise,valid,13,120,12,18,22,25
M02,M,raise,valid,13,201,12,18,20,22
M02,M,raise,valid,14,012,12,18,22,25
M02,M,raise,valid,14,120,12,22,25,27
M02,M,raise,valid,14,201,12,18,22,25
M02,M,raise,valid,15,012,12,18,22,25
M02,M,raise,valid,15,120,12,22,25,28
M02,M,raise,valid,15,201,12,18,20,22
M02,M,raise,valid,16,012,12,18,22,24
M02,M,raise,valid,16,120,12,20,25,28
M02,M,raise,valid,16,201,12,18,20,24
M02,M,raise,valid,17,012,12,18,22,25
M02,M,raise,valid,17,120,12,20,24,26
M02,M,raise,valid,17,201,12,18,20,22
M02,M,raise,valid,18,012,12,18,22,24
M02,M,raise,valid,18,120,12,22,25,28
M02,M,raise,valid,18,201,12,18,20,24
M02,M,raise,valid,19,012,12,18,22,25
M02,M,raise,valid,19,120,12,20,24,27
M02,M,raise,valid,19,201,12,18,22,25
M02,M,raise,invalid,0,012,12,12,12,12
M02,M,raise,invalid,0,120,12,12,12,12
M02,M,raise,invalid,0,201,12,12,12,12
M02,M,raise,invalid,1,012,12,12,12,12
M02,M,raise,invalid,1,120,12,12,12,12
M02,M,raise,invalid,1,201,12,12,12,12
M02,M,raise,invalid,2,012,12,12,12,12
M02,M,raise,invalid,2,120,12,12,12,12
M02,M,raise,invalid,2,201,12,15,15,12
M02,M,raise,invalid,3,012,12,12,8,8
M02,M,raise,invalid,3,120,12,12,10,10
M02,M,raise,invalid,3,201,12,12,12,12
M02,M,raise,invalid,4,012,12,12,12,12
M02,M,raise,invalid,4,120,12,12,12,12
M02,M,raise,invalid,4,201,12,12,12,12
M02,M,raise,invalid,5,012,12,12,12,12
M02,M,raise,invalid,5,120,12,12,12,12
M02,M,raise,invalid,5,201,12,15,15,15
M02,M,raise,invalid,6,012,12,12,12,12
M02,M,raise,invalid,6,120,12,12,12,12
M02,M,raise,invalid,6,201,12,18,18,18
M02,M,raise,invalid,7,012,12,12,12,12
M02,M,raise,invalid,7,120,12,12,12,12
M02,M,raise,invalid,7,201,12,12,12,12
M02,M,raise,invalid,8,012,12,14,12,12
M02,M,raise,invalid,8,120,12,12,12,12
M02,M,raise,invalid,8,201,12,18,18,18
M02,M,raise,invalid,9,012,12,12,12,12
M02,M,raise,invalid,9,120,12,12,12,12
M02,M,raise,invalid,9,201,12,15,15,15
M02,M,raise,invalid,10,012,8,8,8,8
M02,M,raise,invalid,10,120,8,8,12,12
M02,M,raise,invalid,10,201,8,10,12,12
M02,M,raise,invalid,11,012,8,8,8,8
M02,M,raise,invalid,11,120,8,8,12,12
M02,M,raise,invalid,11,201,8,12,12,12
M02,M,raise,invalid,12,012,12,12,8,8
M02,M,raise,invalid,12,120,12,12,10,10
M02,M,raise,invalid,12,201,12,15,15,15
M02,M,raise,invalid,13,012,12,12,12,12
M02,M,raise,invalid,13,120,12,12,12,12
M02,M,raise,invalid,13,201,12,12,12,12
M02,M,raise,invalid,14,012,12,12,12,12
M02,M,raise,invalid,14,120,12,12,12,12
M02,M,raise,invalid,14,201,12,15,15,15
M02,M,raise,invalid,15,012,12,12,12,12
M02,M,raise,invalid,15,120,12,12,12,12
M02,M,raise,invalid,15,201,12,15,15,15
M02,M,raise,invalid,16,012,12,12,8,8
M02,M,raise,invalid,16,120,12,12,10,10
M02,M,raise,invalid,16,201,12,15,15,15
M02,M,raise,invalid,17,012,12,12,12,12
M02,M,raise,invalid,17,120,12,12,12,12
M02,M,raise,invalid,17,201,12,18,18,18
M02,M,raise,invalid,18,012,12,12,12,12
M02,M,raise,invalid,18,120,12,12,12,12
M02,M,raise,invalid,18,201,12,18,18,18
M02,M,raise,invalid,19,012,12,12,8,8
M02,M,raise,invalid,19,120,12,12,10,10
M02,M,raise,invalid,19,201,12,15,15,15
M03,M,lower,valid,0,012,86,72,64,60
M03,M,lower,valid,0,120,86,76,72,68
M03,M,lower,valid,0,201,86,78,72,68
M03,M,lower,valid,1,012,88,72,64,62
M03,M,lower,valid,1,120,88,78,74,70
M03,M,lower,valid,1,201,88,78,72,68
M03,M,lower,valid,2,012,88,72,64,62
M03,M,lower,valid,2,120,88,78,74,70
M03,M,lower,valid,2,201,88,78,72,68
M03,M,lower,valid,3,012,88,72,65,62
M03,M,lower,valid,3,120,88,78,74,68
M03,M,lower,valid,3,201,88,78,70,64
M03,M,lower,valid,4,012,88,76,68,64
M03,M,lower,valid,4,120,88,76,72,68
M03,M,lower,valid,4,201,88,80,72,65
M03,M,lower,valid,5,012,86,74,66,62
M03,M,lower,valid,5,120,86,78,74,70
M03,M,lower,valid,5,201,86,78,70,64
M03,M,lower,valid,6,012,88,74,68,64
M03,M,lower,valid,6,120,88,78,74,70
M03,M,lower,valid,6,201,88,78,72,68
M03,M,lower,valid,7,012,88,74,65,62
M03,M,lower,valid,7,120,88,78,74,70
M03,M,lower,valid,7,201,88,78,72,68
M03,M,lower,valid,8,012,88,72,65,62
M03,M,lower,valid,8,120,88,78,74,70
M03,M,lower,valid,8,201,88,78,72,68
M03,M,lower,valid,9,012,88,72,65,62
M03,M,lower,valid,9,120,88,78,75,70
M03,M,lower,valid,9,201,88,82,75,70
M03,M,lower,valid,10,012,88,74,68,64
M03,M,lower,valid,10,120,88,78,74,70
M03,M,lower,valid,10,201,88,78,72,68
M03,M,lower,valid,11,012,88,76,68,65
M03,M,lower,valid,11,120,88,78,74,68
M03,M,lower,valid,11,201,88,80,74,70
M03,M,lower,valid,12,012,88,72,65,62
M03,M,lower,valid,12,120,88,78,74,70
M03,M,lower,valid,12,201,88,80,72,68
M03,M,lower,valid,13,012,88,74,68,64
M03,M,lower,valid,13,120,88,76,74,70
M03,M,lower,valid,13,201,88,80,74,68
M03,M,lower,valid,14,012,86,72,62,60
M03,M,lower,valid,14,120,86,78,74,68
M03,M,lower,valid,14,201,86,78,72,68
M03,M,lower,valid,15,012,88,72,64,60
M03,M,lower,valid,15,120,88,78,74,68
M03,M,lower,valid,15,201,88,80,74,68
M03,M,lower,valid,16,012,88,74,68,65
M03,M,lower,valid,16,120,88,78,74,68
M03,M,lower,valid,16,201,88,78,72,68
M03,M,lower,valid,17,012,88,76,68,64
M03,M,lower,valid,17,120,88,78,74,68
M03,M,lower,valid,17,201,88,78,70,65
M03,M,lower,valid,18,012,86,72,64,62
M03,M,lower,valid,18,120,86,78,74,70
M03,M,lower,valid,18,201,86,78,72,68
M03,M,lower,valid,19,012,88,72,64,62
M03,M,lower,valid,19,120,88,78,74,70
M03,M,lower,valid,19,201,88,80,74,68
M03,M,lower,invalid,0,012,86,74,74,84
M03,M,lower,invalid,0,120,86,78,82,82
M03,M,lower,invalid,0,201,86,86,86,86
M03,M,lower,invalid,1,012,88,82,82,84
M03,M,lower,invalid,1,120,88,74,84,86
M03,M,lower,invalid,1,201,88,88,88,88
M03,M,lower,invalid,2,012,88,78,78,78
M03,M,lower,invalid,2,120,88,78,84,84
M03,M,lower,invalid,2,201,88,86,85,85
M03,M,lower,invalid,3,012,88,88,88,88
M03,M,lower,invalid,3,120,88,78,82,82
M03,M,lower,invalid,3,201,88,88,88,88
M03,M,lower,invalid,4,012,88,78,78,78
M03,M,lower,invalid,4,120,88,78,82,82
M03,M,lower,invalid,4,201,88,88,88,88
M03,M,lower,invalid,5,012,86,86,86,86
M03,M,lower,invalid,5,120,86,78,84,82
M03,M,lower,invalid,5,201,86,86,86,86
M03,M,lower,invalid,6,012,88,78,78,88
M03,M,lower,invalid,6,120,88,74,86,86
M03,M,lower,invalid,6,201,88,86,86,86
M03,M,lower,invalid,7,012,88,72,72,72
M03,M,lower,invalid,7,120,88,78,82,85
M03,M,lower,invalid,7,201,88,86,86,86
M03,M,lower,invalid,8,012,88,78,78,78
M03,M,lower,invalid,8,120,88,78,86,86
M03,M,lower,invalid,8,201,88,88,88,88
M03,M,lower,invalid,9,012,88,72,72,72
M03,M,lower,invalid,9,120,88,78,86,86
M03,M,lower,invalid,9,201,88,88,88,88
M03,M,lower,invalid,10,012,88,88,88,88
M03,M,lower,invalid,10,120,88,78,82,84
M03,M,lower,invalid,10,201,88,88,88,88
M03,M,lower,invalid,11,012,88,72,72,88
M03,M,lower,invalid,11,120,88,78,85,82
M03,M,lower,invalid,11,201,88,86,86,86
M03,M,lower,invalid,12,012,88,62,62,62
M03,M,lower,invalid,12,120,88,78,82,82
M03,M,lower,invalid,12,201,88,86,86,86
M03,M,lower,invalid,13,012,88,72,68,86
M03,M,lower,invalid,13,120,88,78,78,78
M03,M,lower,invalid,13,201,88,86,86,86
M03,M,lower,invalid,14,012,86,78,78,78
M03,M,lower,invalid,14,120,86,78,85,85
M03,M,lower,invalid,14,201,86,86,86,86
M03,M,lower,invalid,15,012,88,72,72,86
M03,M,lower,invalid,15,120,88,78,78,78
M03,M,lower,invalid,15,201,88,88,88,88
M03,M,lower,invalid,16,012,88,88,88,88
M03,M,lower,invalid,16,120,88,78,82,84
M03,M,lower,invalid,16,201,88,88,88,88
M03,M,lower,invalid,17,012,88,78,78,82
M03,M,lower,invalid,17,120,88,78,80,82
M03,M,lower,invalid,17,201,88,86,86,86
M03,M,lower,invalid,18,012,86,78,78,78
M03,M,lower,invalid,18,120,86,78,82,84
M03,M,lower,invalid,18,201,86,85,85,85
M03,M,lower,invalid,19,012,88,72,72,84
M03,M,lower,invalid,19,120,88,74,82,82
M03,M,lower,invalid,19,201,88,88,88,88
M04,M,raise,valid,0,012,18,25,35,40
M04,M,raise,valid,0,120,18,32,35,38
M04,M,raise,valid,0,201,18,25,30,35
M04,M,raise,valid,1,012,18,25,35,40
M04,M,raise,valid,1,120,18,35,38,40
M04,M,raise,valid,1,201,18,24,28,32
M04,M,raise,valid,2,012,12,22,30,35
M04,M,raise,valid,2,120,12,25,30,35
M04,M,raise,valid,2,201,12,22,25,30
M04,M,raise,valid,3,012,22,30,38,42
M04,M,raise,valid,3,120,22,35,38,40
M04,M,raise,valid,3,201,22,28,30,35
M04,M,raise,valid,4,012,18,28,35,38
M04,M,raise,valid,4,120,18,32,35,38
M04,M,raise,valid,4,201,18,25,30,35
M04,M,raise,valid,5,012,18,28,35,38
M04,M,raise,valid,5,120,18,32,35,38
M04,M,raise,valid,5,201,18,25,30,35
M04,M,raise,valid,6,012,18,28,35,38
M04,M,raise,valid,6,120,18,32,35,38
M04,M,raise,valid,6,201,18,24,28,32
M04,M,raise,valid,7,012,18,28,35,40
M04,M,raise,valid,7,120,18,32,35,38
M04,M,raise,valid,7,201,18,25,30,35
M04,M,raise,valid,8,012,18,28,36,40
M04,M,raise,valid,8,120,18,35,40,42
M04,M,raise,valid,8,201,18,25,30,35
M04,M,raise,valid,9,012,18,28,35,38
M04,M,raise,valid,9,120,18,32,35,38
M04,M,raise,valid,9,201,18,24,28,32
M04,M,raise,valid,10,012,18,28,35,38
M04,M,raise,valid,10,120,18,32,35,40
M04,M,raise,valid,10,201,18,25,28,34
M04,M,raise,valid,11,012,18,28,35,38
M04,M,raise,valid,11,120,18,32,35,38
M04,M,raise,valid,11,201,18,25,30,35
M04,M,raise,valid,12,012,15,25,35,38
M04,M,raise,valid,12,120,15,28,32,35
M04,M,raise,valid,12,201,15,22,25,30
M04,M,raise,valid,13,012,18,25,32,35
M04,M,raise,valid,13,120,18,32,35,38
M04,M,raise,valid,13,201,18,24,28,32
M04,M,raise,valid,14,012,18,25,35,40
M04,M,raise,valid,14,120,18,35,40,42
M04,M,raise,valid,14,201,18,25,30,35
M04,M,raise,valid,15,012,18,28,38,42
M04,M,raise,valid,15,120,18,32,35,38
M04,M,raise,valid,15,201,18,25,30,35
M04,M,raise,valid,16,012,18,28,35,38
M04,M,raise,valid,16,120,18,28,32,35
M04,M,raise,valid,16,201,18,24,28,32
M04,M,raise,valid,17,012,18,25,35,40
M04,M,raise,valid,17,120,18,35,40,42
M04,M,raise,valid,17,201,18,24,28,32
M04,M,raise,valid,18,012,18,28,35,38
M04,M,raise,valid,18,120,18,32,35,38
M04,M,raise,valid,18,201,18,24,28,32
M04,M,raise,valid,19,012,18,30,38,42
M04,M,raise,valid,19,120,18,32,35,38
M04,M,raise,valid,19,201,18,25,30,35
M04,M,raise,invalid,0,012,18,18,18,18
M04,M,raise,invalid,0,120,18,18,18,18
M04,M,raise,invalid,0,201,18,18,18,18
M04,M,raise,invalid,1,012,18,18,18,18
M04,M,raise,invalid,1,120,18,18,18,18
M04,M,raise,invalid,1,201,18,18,18,18
M04,M,raise,invalid,2,012,12,12,12,12
M04,M,raise,invalid,2,120,12,12,12,12
M04,M,raise,invalid,2,201,12,12,12,12
M04,M,raise,invalid,3,012,22,22,22,22
M04,M,raise,invalid,3,120,22,22,22,22
M04,M,raise,invalid,3,201,22,22,22,22
M04,M,raise,invalid,4,012,18,18,18,18
M04,M,raise,invalid,4,120,18,18,18,18
M04,M,raise,invalid,4,201,18,18,18,18
M04,M,raise,invalid,5,012,18,18,18,18
M04,M,raise,invalid,5,120,18,18,18,18
M04,M,raise,invalid,5,201,18,18,18,18
M04,M,raise,invalid,6,012,18,18,18,18
M04,M,raise,invalid,6,120,18,18,18,18
M04,M,raise,invalid,6,201,18,18,18,18
M04,M,raise,invalid,7,012,18,18,18,18
M04,M,raise,invalid,7,120,18,18,18,18
M04,M,raise,invalid,7,201,18,18,18,18
M04,M,raise,invalid,8,012,18,18,18,18
M04,M,raise,invalid,8,120,18,18,18,18
M04,M,raise,invalid,8,201,18,18,18,18
M04,M,raise,invalid,9,012,18,18,18,18
M04,M,raise,invalid,9,120,18,18,18,18
M04,M,raise,invalid,9,201,18,18,18,18
M04,M,raise,invalid,10,012,18,18,18,18
M04,M,raise,invalid,10,120,18,18,18,18
M04,M,raise,invalid,10,201,18,18,18,18
M04,M,raise,invalid,11,012,18,18,18,18
M04,M,raise,invalid,11,120,18,18,18,18
M04,M,raise,invalid,11,201,18,22,18,18
M04,M,raise,invalid,12,012,15,15,15,15
M04,M,raise,invalid,12,120,15,15,15,15
M04,M,raise,invalid,12,201,15,18,15,15
M04,M,raise,invalid,13,012,18,18,18,18
M04,M,raise,invalid,13,120,18,18,18,18
M04,M,raise,invalid,13,201,18,18,18,18
M04,M,raise,invalid,14,012,18,18,18,18
M04,M,raise,invalid,14,120,18,18,18,18
M04,M,raise,invalid,14,201,18,18,18,18
M04,M,raise,invalid,15,012,18,18,18,18
M04,M,raise,invalid,15,120,18,18,18,18
M04,M,raise,invalid,15,201,18,18,18,18
M04,M,raise,invalid,16,012,18,18,18,18
M04,M,raise,invalid,16,120,18,18,18,18
M04,M,raise,invalid,16,201,18,18,18,18
M04,M,raise,invalid,17,012,18,18,18,18
M04,M,raise,invalid,17,120,18,18,18,18
M04,M,raise,invalid,17,201,18,18,18,18
M04,M,raise,invalid,18,012,18,18,18,18
M04,M,raise,invalid,18,120,18,18,18,18
M04,M,raise,invalid,18,201,18,18,18,18
M04,M,raise,invalid,19,012,18,18,18,18
M04,M,raise,invalid,19,120,18,18,18,18
M04,M,raise,invalid,19,201,18,18,18,18
M05,M,lower,valid,0,012,93,86,78,74
M05,M,lower,valid,0,120,93,86,82,78
M05,M,lower,valid,0,201,93,87,82,78
M05,M,lower,valid,1,012,94,86,78,74
M05,M,lower,valid,1,120,94,84,78,74
M05,M,lower,valid,1,201,94,88,82,78
M05,M,lower,valid,2,012,94,88,78,74
M05,M,lower,valid,2,120,94,86,82,78
M05,M,lower,valid,2,201,94,88,84,80
M05,M,lower,valid,3,012,94,86,78,72
M05,M,lower,valid,3,120,94,86,82,78
M05,M,lower,valid,3,201,94,88,84,80
M05,M,lower,valid,4,012,94,87,78,74
M05,M,lower,valid,4,120,94,86,82,78
M05,M,lower,valid,4,201,94,88,82,78
M05,M,lower,valid,5,012,94,88,78,72
M05,M,lower,valid,5,120,94,88,84,80
M05,M,lower,valid,5,201,94,88,84,78
M05,M,lower,valid,6,012,94,88,78,72
M05,M,lower,valid,6,120,94,88,84,80
M05,M,lower,valid,6,201,94,88,84,80
M05,M,lower,valid,7,012,94,87,78,74
M05,M,lower,valid,7,120,94,88,84,82
M05,M,lower,valid,7,201,94,87,84,80
M05,M,lower,valid,8,012,94,86,78,74
M05,M,lower,valid,8,120,94,86,82,78
M05,M,lower,valid,8,201,94,88,84,80
M05,M,lower,valid,9,012,94,87,80,76
M05,M,lower,valid,9,120,94,88,84,80
M05,M,lower,valid,9,201,94,88,84,80
M05,M,lower,valid,10,012,94,87,80,76
M05,M,lower,valid,10,120,94,88,84,80
M05,M,lower,valid,10,201,94,87,82,78
M05,M,lower,valid,11,012,94,88,78,74
M05,M,lower,valid,11,120,94,86,82,78
M05,M,lower,valid,11,201,94,88,84,80
M05,M,lower,valid,12,012,94,86,78,74
M05,M,lower,valid,12,120,94,88,84,78
M05,M,lower,valid,12,201,94,88,84,80
M05,M,lower,valid,13,012,94,87,80,76
M05,M,lower,valid,13,120,94,88,84,80
M05,M,lower,valid,13,201,94,88,84,80
M05,M,lower,valid,14,012,94,88,78,74
M05,M,lower,valid,14,120,94,86,82,78
M05,M,lower,valid,14,201,94,88,85,78
M05,M,lower,valid,15,012,93,85,78,74
M05,M,lower,valid,15,120,93,84,80,76
M05,M,lower,valid,15,201,93,86,82,78
M05,M,lower,valid,16,012,94,87,78,72
M05,M,lower,valid,16,120,94,86,82,78
M05,M,lower,valid,16,201,94,88,84,80
M05,M,lower,valid,17,012,94,86,78,74
M05,M,lower,valid,17,120,94,86,82,78
M05,M,lower,valid,17,201,94,88,84,80
M05,M,lower,valid,18,012,94,88,78,74
M05,M,lower,valid,18,120,94,88,84,82
M05,M,lower,valid,18,201,94,88,82,78
M05,M,lower,valid,19,012,94,87,78,74
M05,M,lower,valid,19,120,94,86,82,78
M05,M,lower,valid,19,201,94,88,84,78
M05,M,lower,invalid,0,012,93,90,86,86
M05,M,lower,invalid,0,120,93,85,85,85
M05,M,lower,invalid,0,201,93,88,88,84
M05,M,lower,invalid,1,012,94,92,90,90
M05,M,lower,invalid,1,120,94,88,88,88
M05,M,lower,invalid,1,201,94,90,90,88
M05,M,lower,invalid,2,012,94,92,88,88
M05,M,lower,invalid,2,120,94,88,88,88
M05,M,lower,invalid,2,201,94,90,90,88
M05,M,lower,invalid,3,012,94,92,86,86
M05,M,lower,invalid,3,120,94,88,88,88
M05,M,lower,invalid,3,201,94,90,90,88
M05,M,lower,invalid,4,012,94,92,88,88
M05,M,lower,invalid,4,120,94,88,88,88
M05,M,lower,invalid,4,201,94,88,88,86
M05,M,lower,invalid,5,012,94,92,88,88
M05,M,lower,invalid,5,120,94,88,88,88
M05,M,lower,invalid,5,201,94,88,88,86
M05,M,lower,invalid,6,012,94,92,90,90
M05,M,lower,invalid,6,120,94,90,88,88
M05,M,lower,invalid,6,201,94,88,88,86
M05,M,lower,invalid,7,012,94,94,90,90
M05,M,lower,invalid,7,120,94,88,88,88
M05,M,lower,invalid,7,201,94,88,88,86
M05,M,lower,invalid,8,012,94,92,90,88
M05,M,lower,invalid,8,120,94,88,88,88
M05,M,lower,invalid,8,201,94,88,88,86
M05,M,lower,invalid,9,012,94,94,90,90
M05,M,lower,invalid,9,120,94,88,85,85
M05,M,lower,invalid,9,201,94,92,92,88
M05,M,lower,invalid,10,012,94,94,90,88
M05,M,lower,invalid,10,120,94,90,90,90
M05,M,lower,invalid,10,201,94,88,88,88
M05,M,lower,invalid,11,012,94,92,88,88
M05,M,lower,invalid,11,120,94,88,86,85
M05,M,lower,invalid,11,201,94,88,88,86
M05,M,lower,invalid,12,012,94,94,90,90
M05,M,lower,invalid,12,120,94,90,90,90
M05,M,lower,invalid,12,201,94,88,88,86
M05,M,lower,invalid,13,012,94,94,90,88
M05,M,lower,invalid,13,120,94,88,88,88
M05,M,lower,invalid,13,201,94,90,90,88
M05,M,lower,invalid,14,012,94,94,90,90
M05,M,lower,invalid,14,120,94,90,88,88
M05,M,lower,invalid,14,201,94,88,88,86
M05,M,lower,invalid,15,012,93,91,88,88
M05,M,lower,invalid,15,120,93,88,88,88
M05,M,lower,invalid,15,201,93,90,90,88
M05,M,lower,invalid,16,012,94,94,88,88
M05,M,lower,invalid,16,120,94,88,88,88
M05,M,lower,invalid,16,201,94,90,90,88
M05,M,lower,invalid,17,012,94,94,88,88
M05,M,lower,invalid,17,120,94,88,88,88
M05,M,lower,invalid,17,201,94,90,90,88
M05,M,lower,invalid,18,012,94,94,90,90
M05,M,lower,invalid,18,120,94,88,88,88
M05,M,lower,invalid,18,201,94,88,88,86
M05,M,lower,invalid,19,012,94,94,90,90
M05,M,lower,invalid,19,120,94,88,86,86
M05,M,lower,invalid,19,201,94,88,88,88
M06,M,lower,valid,0,012,64,42,30,24
M06,M,lower,valid,0,120,64,48,35,28
M06,M,lower,valid,0,201,64,38,28,22
M06,M,lower,valid,1,012,58,38,25,20
M06,M,lower,valid,1,120,58,42,32,25
M06,M,lower,valid,1,201,58,38,30,24
M06,M,lower,valid,2,012,62,43,34,28
M06,M,lower,valid,2,120,62,45,35,30
M06,M,lower,valid,2,201,62,38,28,18
M06,M,lower,valid,3,012,55,35,25,20
M06,M,lower,valid,3,120,55,38,30,25
M06,M,lower,valid,3,201,55,35,25,20
M06,M,lower,valid,4,012,58,42,32,25
M06,M,lower,valid,4,120,58,42,35,30
M06,M,lower,valid,4,201,58,35,25,18
M06,M,lower,valid,5,012,58,38,25,18
M06,M,lower,valid,5,120,58,40,32,25
M06,M,lower,valid,5,201,58,38,30,22
M06,M,lower,valid,6,012,58,35,28,22
M06,M,lower,valid,6,120,58,42,34,28
M06,M,lower,valid,6,201,58,35,25,18
M06,M,lower,valid,7,012,58,38,28,22
M06,M,lower,valid,7,120,58,38,32,25
M06,M,lower,valid,7,201,58,35,25,18
M06,M,lower,valid,8,012,58,42,32,24
M06,M,lower,valid,8,120,58,42,35,28
M06,M,lower,valid,8,201,58,35,28,22
M06,M,lower,valid,9,012,58,42,32,25
M06,M,lower,valid,9,120,58,42,32,25
M06,M,lower,valid,9,201,58,36,28,22
M06,M,lower,valid,10,012,55,35,25,20
M06,M,lower,valid,10,120,55,42,32,25
M06,M,lower,valid,10,201,55,38,30,22
M06,M,lower,valid,11,012,58,42,30,24
M06,M,lower,valid,11,120,58,42,35,28
M06,M,lower,valid,11,201,58,38,32,25
M06,M,lower,valid,12,012,62,45,35,28
M06,M,lower,valid,12,120,62,45,35,28
M06,M,lower,valid,12,201,62,38,30,24
M06,M,lower,valid,13,012,62,42,35,28
M06,M,lower,valid,13,120,62,44,35,28
M06,M,lower,valid,13,201,62,38,30,22
M06,M,lower,valid,14,012,62,38,28,22
M06,M,lower,valid,14,120,62,42,32,25
M06,M,lower,valid,14,201,62,38,28,22
M06,M,lower,valid,15,012,58,42,30,24
M06,M,lower,valid,15,120,58,42,35,30
M06,M,lower,valid,15,201,58,34,25,18
M06,M,lower,valid,16,012,62,42,32,24
M06,M,lower,valid,16,120,62,45,35,28
M06,M,lower,valid,16,201,62,38,28,22
M06,M,lower,valid,17,012,62,45,35,28
M06,M,lower,valid,17,120,62,42,35,28
M06,M,lower,valid,17,201,62,35,28,22
M06,M,lower,valid,18,012,60,35,25,20
M06,M,lower,valid,18,120,60,45,35,28
M06,M,lower,valid,18,201,60,35,25,18
M06,M,lower,valid,19,012,64,42,30,24
M06,M,lower,valid,19,120,64,42,35,28
M06,M,lower,valid,19,201,64,38,30,24
M06,M,lower,invalid,0,012,64,38,22,18
M06,M,lower,invalid,0,120,64,18,15,12
M06,M,lower,invalid,0,201,64,28,22,15
M06,M,lower,invalid,1,012,58,32,25,20
M06,M,lower,invalid,1,120,58,28,22,20
M06,M,lower,invalid,1,201,58,32,25,18
M06,M,lower,invalid,2,012,62,38,22,20
M06,M,lower,invalid,2,120,62,25,18,15
M06,M,lower,invalid,2,201,62,34,28,22
M06,M,lower,invalid,3,012,55,38,22,18
M06,M,lower,invalid,3,120,55,22,18,15
M06,M,lower,invalid,3,201,55,38,28,22
M06,M,lower,invalid,4,012,58,42,35,28
M06,M,lower,invalid,4,120,58,22,15,10
M06,M,lower,invalid,4,201,58,32,28,25
M06,M,lower,invalid,5,012,58,42,35,32
M06,M,lower,invalid,5,120,58,22,15,12
M06,M,lower,invalid,5,201,58,35,25,20
M06,M,lower,invalid,6,012,58,35,22,18
M06,M,lower,invalid,6,120,58,18,15,12
M06,M,lower,invalid,6,201,58,32,25,18
M06,M,lower,invalid,7,012,58,35,25,25
M06,M,lower,invalid,7,120,58,18,12,10
M06,M,lower,invalid,7,201,58,32,28,22
M06,M,lower,invalid,8,012,58,35,22,18
M06,M,lower,invalid,8,120,58,24,18,15
M06,M,lower,invalid,8,201,58,25,22,18
M06,M,lower,invalid,9,012,58,35,28,22
M06,M,lower,invalid,9,120,58,22,18,15
M06,M,lower,invalid,9,201,58,32,25,22
M06,M,lower,invalid,10,012,55,42,35,35
M06,M,lower,invalid,10,120,55,22,18,15
M06,M,lower,invalid,10,201,55,38,32,25
M06,M,lower,invalid,11,012,58,35,22,20
M06,M,lower,invalid,11,120,58,22,18,15
M06,M,lower,invalid,11,201,58,28,22,18
M06,M,lower,invalid,12,012,62,45,28,22
M06,M,lower,invalid,12,120,62,18,15,12
M06,M,lower,invalid,12,201,62,28,22,24
M06,M,lower,invalid,13,012,62,38,24,22
M06,M,lower,invalid,13,120,62,28,18,12
M06,M,lower,invalid,13,201,62,28,24,18
M06,M,lower,invalid,14,012,62,38,28,24
M06,M,lower,invalid,14,120,62,18,15,12
M06,M,lower,invalid,14,201,62,28,25,22
M06,M,lower,invalid,15,012,58,35,25,22
M06,M,lower,invalid,15,120,58,22,20,18
M06,M,lower,invalid,15,201,58,32,25,22
M06,M,lower,invalid,16,012,62,38,25,25
M06,M,lower,invalid,16,120,62,24,18,12
M06,M,lower,invalid,16,201,62,28,22,18
M06,M,lower,invalid,17,012,62,38,24,24
M06,M,lower,invalid,17,120,62,24,18,18
M06,M,lower,invalid,17,201,62,25,20,15
M06,M,lower,invalid,18,012,60,42,35,25
M06,M,lower,invalid,18,120,60,12,10,8
M06,M,lower,invalid,18,201,60,28,24,18
M06,M,lower,invalid,19,012,64,38,25,22
M06,M,lower,invalid,19,120,64,22,20,18
M06,M,lower,invalid,19,201,64,30,25,20
M07,M,lower,valid,0,012,84,78,70,68
M07,M,lower,valid,0,120,84,76,72,68
M07,M,lower,valid,0,201,84,78,73,68
M07,M,lower,valid,1,012,86,78,70,68
M07,M,lower,valid,1,120,86,78,74,68
M07,M,lower,valid,1,201,86,78,72,66
M07,M,lower,valid,2,012,82,76,68,65
M07,M,lower,valid,2,120,82,74,70,66
M07,M,lower,valid,2,201,82,75,68,62
M07,M,lower,valid,3,012,84,78,72,68
M07,M,lower,valid,3,120,84,76,72,68
M07,M,lower,valid,3,201,84,76,72,66
M07,M,lower,valid,4,012,86,80,73,70
M07,M,lower,valid,4,120,86,78,74,68
M07,M,lower,valid,4,201,86,78,72,66
M07,M,lower,valid,5,012,84,78,70,68
M07,M,lower,valid,5,120,84,76,72,68
M07,M,lower,valid,5,201,84,76,70,64
M07,M,lower,valid,6,012,84,76,70,68
M07,M,lower,valid,6,120,84,76,72,68
M07,M,lower,valid,6,201,84,78,72,68
M07,M,lower,valid,7,012,84,78,70,68
M07,M,lower,valid,7,120,84,76,72,68
M07,M,lower,valid,7,201,84,78,72,66
M07,M,lower,valid,8,012,82,74,67,65
M07,M,lower,valid,8,120,82,74,68,62
M07,M,lower,valid,8,201,82,74,68,62
M07,M,lower,valid,9,012,84,78,70,68
M07,M,lower,valid,9,120,84,76,72,68
M07,M,lower,valid,9,201,84,76,72,68
M07,M,lower,valid,10,012,84,78,70,72
M07,M,lower,valid,10,120,84,76,72,68
M07,M,lower,valid,10,201,84,78,74,70
M07,M,lower,valid,11,012,82,75,68,66
M07,M,lower,valid,11,120,82,74,70,65
M07,M,lower,valid,11,201,82,76,70,64
M07,M,lower,valid,12,012,84,78,70,68
M07,M,lower,valid,12,120,84,76,72,68
M07,M,lower,valid,12,201,84,78,73,68
M07,M,lower,valid,13,012,84,78,72,68
M07,M,lower,valid,13,120,84,76,72,68
M07,M,lower,valid,13,201,84,76,72,68
M07,M,lower,valid,14,012,84,76,68,66
M07,M,lower,valid,14,120,84,76,72,68
M07,M,lower,valid,14,201,84,78,73,68
M07,M,lower,valid,15,012,84,78,70,68
M07,M,lower,valid,15,120,84,76,72,68
M07,M,lower,valid,15,201,84,78,72,68
M07,M,lower,valid,16,012,84,78,70,68
M07,M,lower,valid,16,120,84,76,72,68
M07,M,lower,valid,16,201,84,76,72,68
M07,M,lower,valid,17,012,82,75,68,70
M07,M,lower,valid,17,120,82,74,70,65
M07,M,lower,valid,17,201,82,76,71,66
M07,M,lower,valid,18,012,82,76,68,64
M07,M,lower,valid,18,120,82,74,70,65
M07,M,lower,valid,18,201,82,74,68,62
M07,M,lower,valid,19,012,84,78,70,68
M07,M,lower,valid,19,120,84,76,72,68
M07,M,lower,valid,19,201,84,76,70,64
M07,M,lower,invalid,0,012,84,78,78,78
M07,M,lower,invalid,0,120,84,84,84,82
M07,M,lower,invalid,0,201,84,76,74,84
M07,M,lower,invalid,1,012,86,78,82,82
M07,M,lower,invalid,1,120,86,86,86,84
M07,M,lower,invalid,1,201,86,78,78,78
M07,M,lower,invalid,2,012,82,78,78,78
M07,M,lower,invalid,2,120,82,82,82,82
M07,M,lower,invalid,2,201,82,78,72,80
M07,M,lower,invalid,3,012,84,78,78,78
M07,M,lower,invalid,3,120,84,84,84,82
M07,M,lower,invalid,3,201,84,76,72,72
M07,M,lower,invalid,4,012,86,78,78,78
M07,M,lower,invalid,4,120,86,86,86,82
M07,M,lower,invalid,4,201,86,68,62,84
M07,M,lower,invalid,5,012,84,78,80,80
M07,M,lower,invalid,5,120,84,84,84,80
M07,M,lower,invalid,5,201,84,84,80,80
M07,M,lower,invalid,6,012,84,78,78,78
M07,M,lower,invalid,6,120,84,84,84,80
M07,M,lower,invalid,6,201,84,67,76,78
M07,M,lower,invalid,7,012,84,78,82,82
M07,M,lower,invalid,7,120,84,84,84,82
M07,M,lower,invalid,7,201,84,68,62,80
M07,M,lower,invalid,8,012,82,76,76,76
M07,M,lower,invalid,8,120,82,82,82,82
M07,M,lower,invalid,8,201,82,82,75,75
M07,M,lower,invalid,9,012,84,78,78,78
M07,M,lower,invalid,9,120,84,84,84,78
M07,M,lower,invalid,9,201,84,78,74,82
M07,M,lower,invalid,10,012,84,82,82,82
M07,M,lower,invalid,10,120,84,84,84,82
M07,M,lower,invalid,10,201,84,80,78,78
M07,M,lower,invalid,11,012,82,78,78,78
M07,M,lower,invalid,11,120,82,82,82,82
M07,M,lower,invalid,11,201,82,68,65,75
M07,M,lower,invalid,12,012,84,78,78,78
M07,M,lower,invalid,12,120,84,84,84,82
M07,M,lower,invalid,12,201,84,78,76,76
M07,M,lower,invalid,13,012,84,78,78,78
M07,M,lower,invalid,13,120,84,84,84,82
M07,M,lower,invalid,13,201,84,58,78,80
M07,M,lower,invalid,14,012,84,82,82,82
M07,M,lower,invalid,14,120,84,84,84,82
M07,M,lower,invalid,14,201,84,78,76,76
M07,M,lower,invalid,15,012,84,78,78,78
M07,M,lower,invalid,15,120,84,84,84,82
M07,M,lower,invalid,15,201,84,76,74,78
M07,M,lower,invalid,16,012,84,78,78,78
M07,M,lower,invalid,16,120,84,84,84,82
M07,M,lower,invalid,16,201,84,84,78,78
M07,M,lower,invalid,17,012,82,78,78,78
M07,M,lower,invalid,17,120,82,82,82,82
M07,M,lower,invalid,17,201,82,82,78,78
M07,M,lower,invalid,18,012,82,78,78,78
M07,M,lower,invalid,18,120,82,82,82,82
M07,M,lower,invalid,18,201,82,72,70,70
M07,M,lower,invalid,19,012,84,78,78,78
M07,M,lower,invalid,19,120,84,84,84,84
M07,M,lower,invalid,19,201,84,78,76,75
M08,M,lower,valid,0,012,88,78,68,58
M08,M,lower,valid,0,120,88,78,52,44
M08,M,lower,valid,0,201,88,48,38,32
M08,M,lower,valid,1,012,88,78,68,52
M08,M,lower,valid,1,120,88,82,58,46
M08,M,lower,valid,1,201,88,62,52,43
M08,M,lower,valid,2,012,88,78,70,58
M08,M,lower,valid,2,120,88,82,64,57
M08,M,lower,valid,2,201,88,72,58,46
M08,M,lower,valid,3,012,88,78,68,55
M08,M,lower,valid,3,120,88,82,58,47
M08,M,lower,valid,3,201,88,52,42,34
M08,M,lower,valid,4,012,88,78,68,55
M08,M,lower,valid,4,120,88,78,52,42
M08,M,lower,valid,4,201,88,62,54,48
M08,M,lower,valid,5,012,88,78,68,52
M08,M,lower,valid,5,120,88,80,62,55
M08,M,lower,valid,5,201,88,57,48,42
M08,M,lower,valid,6,012,88,78,68,52
M08,M,lower,valid,6,120,88,82,58,52
M08,M,lower,valid,6,201,88,62,52,44
M08,M,lower,valid,7,012,88,78,68,46
M08,M,lower,valid,7,120,88,80,58,45
M08,M,lower,valid,7,201,88,58,48,38
M08,M,lower,valid,8,012,88,78,72,58
M08,M,lower,valid,8,120,88,78,58,49
M08,M,lower,valid,8,201,88,64,52,40
M08,M,lower,valid,9,012,88,78,68,48
M08,M,lower,valid,9,120,88,82,62,48
M08,M,lower,valid,9,201,88,72,58,46
M08,M,lower,valid,10,012,88,74,63,48
M08,M,lower,valid,10,120,88,82,68,58
M08,M,lower,valid,10,201,88,57,45,38
M08,M,lower,valid,11,012,88,76,68,48
M08,M,lower,valid,11,120,88,82,58,48
M08,M,lower,valid,11,201,88,52,42,34
M08,M,lower,valid,12,012,88,78,68,52
M08,M,lower,valid,12,120,88,82,58,49
M08,M,lower,valid,12,201,88,58,45,35
M08,M,lower,valid,13,012,88,78,68,48
M08,M,lower,valid,13,120,88,78,62,55
M08,M,lower,valid,13,201,88,58,45,35
M08,M,lower,valid,14,012,88,78,68,54
M08,M,lower,valid,14,120,88,78,52,44
M08,M,lower,valid,14,201,88,58,46,38
M08,M,lower,valid,15,012,88,78,68,48
M08,M,lower,valid,15,120,88,82,68,57
M08,M,lower,valid,15,201,88,62,52,45
M08,M,lower,valid,16,012,88,78,72,58
M08,M,lower,valid,16,120,88,78,62,55
M08,M,lower,valid,16,201,88,48,42,35
M08,M,lower,valid,17,012,88,78,68,54
M08,M,lower,valid,17,120,88,78,52,43
M08,M,lower,valid,17,201,88,62,48,40
M08,M,lower,valid,18,012,88,78,70,56
M08,M,lower,valid,18,120,88,82,62,58
M08,M,lower,valid,18,201,88,62,48,38
M08,M,lower,valid,19,012,88,74,62,49
M08,M,lower,valid,19,120,88,80,46,38
M08,M,lower,valid,19,201,88,58,42,35
M08,M,lower,invalid,0,012,88,88,87,87
M08,M,lower,invalid,0,120,88,86,84,84
M08,M,lower,invalid,0,201,88,78,78,78
M08,M,lower,invalid,1,012,88,84,82,82
M08,M,lower,invalid,1,120,88,84,84,82
M08,M,lower,invalid,1,201,88,84,84,84
M08,M,lower,invalid,2,012,88,84,82,82
M08,M,lower,invalid,2,120,88,84,82,80
M08,M,lower,invalid,2,201,88,84,84,84
M08,M,lower,invalid,3,012,88,84,82,82
M08,M,lower,invalid,3,120,88,82,82,82
M08,M,lower,invalid,3,201,88,88,88,88
M08,M,lower,invalid,4,012,88,86,84,84
M08,M,lower,invalid,4,120,88,84,84,84
M08,M,lower,invalid,4,201,88,82,82,82
M08,M,lower,invalid,5,012,88,84,82,80
M08,M,lower,invalid,5,120,88,84,84,82
M08,M,lower,invalid,5,201,88,84,84,84
M08,M,lower,invalid,6,012,88,84,82,82
M08,M,lower,invalid,6,120,88,82,82,82
M08,M,lower,invalid,6,201,88,88,88,88
M08,M,lower,invalid,7,012,88,84,82,82
M08,M,lower,invalid,7,120,88,82,80,78
M08,M,lower,invalid,7,201,88,82,82,82
M08,M,lower,invalid,8,012,88,86,84,84
M08,M,lower,invalid,8,120,88,84,82,82
M08,M,lower,invalid,8,201,88,84,84,82
M08,M,lower,invalid,9,012,88,86,84,84
M08,M,lower,invalid,9,120,88,84,84,82
M08,M,lower,invalid,9,201,88,82,82,82
M08,M,lower,invalid,10,012,88,84,82,82
M08,M,lower,invalid,10,120,88,82,78,78
M08,M,lower,invalid,10,201,88,84,84,84
M08,M,lower,invalid,11,012,88,86,84,84
M08,M,lower,invalid,11,120,88,82,82,80
M08,M,lower,invalid,11,201,88,86,86,86
M08,M,lower,invalid,12,012,88,86,84,84
M08,M,lower,invalid,12,120,88,82,78,84
M08,M,lower,invalid,12,201,88,82,82,82
M08,M,lower,invalid,13,012,88,84,82,82
M08,M,lower,invalid,13,120,88,82,80,80
M08,M,lower,invalid,13,201,88,84,84,84
M08,M,lower,invalid,14,012,88,86,84,82
M08,M,lower,invalid,14,120,88,86,86,86
M08,M,lower,invalid,14,201,88,88,88,88
M08,M,lower,invalid,15,012,88,84,82,82
M08,M,lower,invalid,15,120,88,84,78,78
M08,M,lower,invalid,15,201,88,82,82,80
M08,M,lower,invalid,16,012,88,86,84,84
M08,M,lower,invalid,16,120,88,82,80,78
M08,M,lower,invalid,16,201,88,86,86,86
M08,M,lower,invalid,17,012,88,84,82,82
M08,M,lower,invalid,17,120,88,84,84,82
M08,M,lower,invalid,17,201,88,82,82,80
M08,M,lower,invalid,18,012,88,86,82,82
M08,M,lower,invalid,18,120,88,84,84,84
M08,M,lower,invalid,18,201,88,82,80,80
M08,M,lower,invalid,19,012,88,84,82,82
M08,M,lower,invalid,19,120,88,84,82,82
M08,M,lower,invalid,19,201,88,84,82,82
S01,S,lower,valid,0,012,55,35,28,22
S01,S,lower,valid,0,120,55,45,35,30
S01,S,lower,valid,0,201,55,28,25,22
S01,S,lower,valid,1,012,55,35,28,18
S01,S,lower,valid,1,120,55,45,30,25
S01,S,lower,valid,1,201,55,35,28,25
S01,S,lower,valid,2,012,62,38,30,22
S01,S,lower,valid,2,120,62,48,30,28
S01,S,lower,valid,2,201,62,28,25,22
S01,S,lower,valid,3,012,58,35,25,18
S01,S,lower,valid,3,120,58,46,32,25
S01,S,lower,valid,3,201,58,35,28,25
S01,S,lower,valid,4,012,60,35,30,20
S01,S,lower,valid,4,120,60,45,35,28
S01,S,lower,valid,4,201,60,25,20,18
S01,S,lower,valid,5,012,58,35,28,20
S01,S,lower,valid,5,120,58,45,30,25
S01,S,lower,valid,5,201,58,25,22,20
S01,S,lower,valid,6,012,58,35,28,20
S01,S,lower,valid,6,120,58,42,25,25
S01,S,lower,valid,6,201,58,32,25,22
S01,S,lower,valid,7,012,58,35,28,20
S01,S,lower,valid,7,120,58,45,30,28
S01,S,lower,valid,7,201,58,28,25,22
S01,S,lower,valid,8,012,55,35,28,20
S01,S,lower,valid,8,120,55,42,35,30
S01,S,lower,valid,8,201,55,35,28,25
S01,S,lower,valid,9,012,58,32,25,18
S01,S,lower,valid,9,120,58,46,30,28
S01,S,lower,valid,9,201,58,25,22,20
S01,S,lower,valid,10,012,58,35,28,20
S01,S,lower,valid,10,120,58,45,32,25
S01,S,lower,valid,10,201,58,28,24,20
S01,S,lower,valid,11,012,55,35,25,18
S01,S,lower,valid,11,120,55,42,30,28
S01,S,lower,valid,11,201,55,30,25,22
S01,S,lower,valid,12,012,55,35,28,22
S01,S,lower,valid,12,120,55,45,30,25
S01,S,lower,valid,12,201,55,35,25,22
S01,S,lower,valid,13,012,55,35,28,22
S01,S,lower,valid,13,120,55,42,30,25
S01,S,lower,valid,13,201,55,38,32,28
S01,S,lower,valid,14,012,58,35,25,20
S01,S,lower,valid,14,120,58,45,32,30
S01,S,lower,valid,14,201,58,28,25,22
S01,S,lower,valid,15,012,58,35,28,20
S01,S,lower,valid,15,120,58,45,32,28
S01,S,lower,valid,15,201,58,32,28,25
S01,S,lower,valid,16,012,55,35,30,20
S01,S,lower,valid,16,120,55,45,35,28
S01,S,lower,valid,16,201,55,35,30,28
S01,S,lower,valid,17,012,60,35,28,22
S01,S,lower,valid,17,120,60,45,35,30
S01,S,lower,valid,17,201,60,35,28,25
S01,S,lower,valid,18,012,58,35,25,18
S01,S,lower,valid,18,120,58,45,35,32
S01,S,lower,valid,18,201,58,28,25,22
S01,S,lower,valid,19,012,62,35,28,22
S01,S,lower,valid,19,120,62,50,35,28
S01,S,lower,valid,19,201,62,35,30,25
S01,S,lower,invalid,0,012,55,25,25,40
S01,S,lower,invalid,0,120,55,45,45,45
S01,S,lower,invalid,0,201,55,55,55,55
S01,S,lower,invalid,1,012,55,28,28,28
S01,S,lower,invalid,1,120,55,55,55,55
S01,S,lower,invalid,1,201,55,55,55,55
S01,S,lower,invalid,2,012,62,28,30,35
S01,S,lower,invalid,2,120,62,62,62,62
S01,S,lower,invalid,2,201,62,62,62,62
S01,S,lower,invalid,3,012,58,35,35,35
S01,S,lower,invalid,3,120,58,58,58,58
S01,S,lower,invalid,3,201,58,58,58,58
S01,S,lower,invalid,4,012,60,35,35,35
S01,S,lower,invalid,4,120,60,55,55,55
S01,S,lower,invalid,4,201,60,60,60,60
S01,S,lower,invalid,5,012,58,35,30,40
S01,S,lower,invalid,5,120,58,58,58,58
S01,S,lower,invalid,5,201,58,58,58,58
S01,S,lower,invalid,6,012,58,32,28,45
S01,S,lower,invalid,6,120,58,58,58,58
S01,S,lower,invalid,6,201,58,58,58,58
S01,S,lower,invalid,7,012,58,30,30,35
S01,S,lower,invalid,7,120,58,45,55,55
S01,S,lower,invalid,7,201,58,45,45,45
S01,S,lower,invalid,8,012,55,30,30,30
S01,S,lower,invalid,8,120,55,55,55,55
S01,S,lower,invalid,8,201,55,55,55,55
S01,S,lower,invalid,9,012,58,30,35,55
S01,S,lower,invalid,9,120,58,58,58,58
S01,S,lower,invalid,9,201,58,52,52,52
S01,S,lower,invalid,10,012,58,35,35,35
S01,S,lower,invalid,10,120,58,58,58,58
S01,S,lower,invalid,10,201,58,58,58,58
S01,S,lower,invalid,11,012,55,25,25,25
S01,S,lower,invalid,11,120,55,50,45,45
S01,S,lower,invalid,11,201,55,50,50,50
S01,S,lower,invalid,12,012,55,30,30,30
S01,S,lower,invalid,12,120,55,45,50,50
S01,S,lower,invalid,12,201,55,55,50,50
S01,S,lower,invalid,13,012,55,30,30,30
S01,S,lower,invalid,13,120,55,55,55,55
S01,S,lower,invalid,13,201,55,50,45,50
S01,S,lower,invalid,14,012,58,25,25,35
S01,S,lower,invalid,14,120,58,45,42,42
S01,S,lower,invalid,14,201,58,52,45,45
S01,S,lower,invalid,15,012,58,28,30,35
S01,S,lower,invalid,15,120,58,52,50,45
S01,S,lower,invalid,15,201,58,55,55,55
S01,S,lower,invalid,16,012,55,35,35,40
S01,S,lower,invalid,16,120,55,48,50,50
S01,S,lower,invalid,16,201,55,55,55,55
S01,S,lower,invalid,17,012,60,28,28,45
S01,S,lower,invalid,17,120,60,45,50,50
S01,S,lower,invalid,17,201,60,58,58,58
S01,S,lower,invalid,18,012,58,25,32,35
S01,S,lower,invalid,18,120,58,45,45,45
S01,S,lower,invalid,18,201,58,52,52,52
S01,S,lower,invalid,19,012,62,35,30,45
S01,S,lower,invalid,19,120,62,55,55,55
S01,S,lower,invalid,19,201,62,58,58,58
S02,S,lower,valid,0,012,72,62,55,50
S02,S,lower,valid,0,120,72,64,60,56
S02,S,lower,valid,0,201,72,64,58,52
S02,S,lower,valid,1,012,78,68,62,58
S02,S,lower,valid,1,120,78,70,66,62
S02,S,lower,valid,1,201,78,70,63,57
S02,S,lower,valid,2,012,72,63,55,52
S02,S,lower,valid,2,120,72,64,60,56
S02,S,lower,valid,2,201,72,64,58,52
S02,S,lower,valid,3,012,74,63,56,52
S02,S,lower,valid,3,120,74,68,62,58
S02,S,lower,valid,3,201,74,67,61,56
S02,S,lower,valid,4,012,74,64,58,55
S02,S,lower,valid,4,120,74,68,64,58
S02,S,lower,valid,4,201,74,68,62,55
S02,S,lower,valid,5,012,78,68,62,58
S02,S,lower,valid,5,120,78,70,66,62
S02,S,lower,valid,5,201,78,70,63,58
S02,S,lower,valid,6,012,74,65,58,55
S02,S,lower,valid,6,120,74,65,62,58
S02,S,lower,valid,6,201,74,68,60,54
S02,S,lower,valid,7,012,78,68,62,58
S02,S,lower,valid,7,120,78,70,65,60
S02,S,lower,valid,7,201,78,70,62,58
S02,S,lower,valid,8,012,78,68,61,56
S02,S,lower,valid,8,120,78,70,68,63
S02,S,lower,valid,8,201,78,70,64,58
S02,S,lower,valid,9,012,72,62,55,50
S02,S,lower,valid,9,120,72,62,58,52
S02,S,lower,valid,9,201,72,65,58,52
S02,S,lower,valid,10,012,78,68,62,58
S02,S,lower,valid,10,120,78,68,64,58
S02,S,lower,valid,10,201,78,70,64,58
S02,S,lower,valid,11,012,78,68,62,58
S02,S,lower,valid,11,120,78,68,64,60
S02,S,lower,valid,11,201,78,70,64,58
S02,S,lower,valid,12,012,78,68,62,58
S02,S,lower,valid,12,120,78,70,66,62
S02,S,lower,valid,12,201,78,70,64,58
S02,S,lower,valid,13,012,78,68,62,58
S02,S,lower,valid,13,120,78,70,67,62
S02,S,lower,valid,13,201,78,72,66,60
S02,S,lower,valid,14,012,78,68,61,57
S02,S,lower,valid,14,120,78,68,64,60
S02,S,lower,valid,14,201,78,70,62,58
S02,S,lower,valid,15,012,78,68,61,57
S02,S,lower,valid,15,120,78,70,66,62
S02,S,lower,valid,15,201,78,70,62,55
S02,S,lower,valid,16,012,78,68,62,58
S02,S,lower,valid,16,120,78,70,66,62
S02,S,lower,valid,16,201,78,70,64,58
S02,S,lower,valid,17,012,78,68,62,58
S02,S,lower,valid,17,120,78,70,66,62
S02,S,lower,valid,17,201,78,70,62,56
S02,S,lower,valid,18,012,82,72,66,62
S02,S,lower,valid,18,120,82,72,68,64
S02,S,lower,valid,18,201,82,74,68,62
S02,S,lower,valid,19,012,78,68,60,55
S02,S,lower,valid,19,120,78,70,66,62
S02,S,lower,valid,19,201,78,70,64,58
S02,S,lower,invalid,0,012,72,72,72,72
S02,S,lower,invalid,0,120,72,68,76,76
S02,S,lower,invalid,0,201,72,72,76,76
S02,S,lower,invalid,1,012,78,78,78,78
S02,S,lower,invalid,1,120,78,72,76,78
S02,S,lower,invalid,1,201,78,78,78,78
S02,S,lower,invalid,2,012,72,72,72,78
S02,S,lower,invalid,2,120,72,70,76,76
S02,S,lower,invalid,2,201,72,72,78,78
S02,S,lower,invalid,3,012,74,74,72,72
S02,S,lower,invalid,3,120,74,58,72,72
S02,S,lower,invalid,3,201,74,74,74,74
S02,S,lower,invalid,4,012,74,74,74,74
S02,S,lower,invalid,4,120,74,58,76,78
S02,S,lower,invalid,4,201,74,74,78,78
S02,S,lower,invalid,5,012,78,78,74,74
S02,S,lower,invalid,5,120,78,62,72,74
S02,S,lower,invalid,5,201,78,78,76,76
S02,S,lower,invalid,6,012,74,74,74,76
S02,S,lower,invalid,6,120,74,74,76,76
S02,S,lower,invalid,6,201,74,74,76,76
S02,S,lower,invalid,7,012,78,78,72,72
S02,S,lower,invalid,7,120,78,74,72,72
S02,S,lower,invalid,7,201,78,78,74,75
S02,S,lower,invalid,8,012,78,78,78,78
S02,S,lower,invalid,8,120,78,78,78,78
S02,S,lower,invalid,8,201,78,78,78,78
S02,S,lower,invalid,9,012,72,72,72,72
S02,S,lower,invalid,9,120,72,72,76,76
S02,S,lower,invalid,9,201,72,72,76,76
S02,S,lower,invalid,10,012,78,78,78,78
S02,S,lower,invalid,10,120,78,72,76,78
S02,S,lower,invalid,10,201,78,78,78,78
S02,S,lower,invalid,11,012,78,76,74,74
S02,S,lower,invalid,11,120,78,65,72,74
S02,S,lower,invalid,11,201,78,78,74,74
S02,S,lower,invalid,12,012,78,77,77,77
S02,S,lower,invalid,12,120,78,74,76,78
S02,S,lower,invalid,12,201,78,78,78,78
S02,S,lower,invalid,13,012,78,78,78,78
S02,S,lower,invalid,13,120,78,62,78,78
S02,S,lower,invalid,13,201,78,78,78,78
S02,S,lower,invalid,14,012,78,78,76,76
S02,S,lower,invalid,14,120,78,62,74,74
S02,S,lower,invalid,14,201,78,78,76,76
S02,S,lower,invalid,15,012,78,78,78,78
S02,S,lower,invalid,15,120,78,78,78,78
S02,S,lower,invalid,15,201,78,78,78,78
S02,S,lower,invalid,16,012,78,78,78,78
S02,S,lower,invalid,16,120,78,72,78,78
S02,S,lower,invalid,16,201,78,78,78,78
S02,S,lower,invalid,17,012,78,78,74,74
S02,S,lower,invalid,17,120,78,74,74,74
S02,S,lower,invalid,17,201,78,78,74,74
S02,S,lower,invalid,18,012,82,80,78,78
S02,S,lower,invalid,18,120,82,70,78,78
S02,S,lower,invalid,18,201,82,82,80,78
S02,S,lower,invalid,19,012,78,78,78,78
S02,S,lower,invalid,19,120,78,62,76,78
S02,S,lower,invalid,19,201,78,78,78,78
S03,S,raise,valid,0,012,38,45,50,52
S03,S,raise,valid,0,120,38,46,50,52
S03,S,raise,valid,0,201,38,45,50,55
S03,S,raise,valid,1,012,42,55,60,62
S03,S,raise,valid,1,120,42,50,55,58
S03,S,raise,valid,1,201,42,52,55,58
S03,S,raise,valid,2,012,35,45,52,55
S03,S,raise,valid,2,120,35,45,50,52
S03,S,raise,valid,2,201,35,45,50,55
S03,S,raise,valid,3,012,42,48,55,58
S03,S,raise,valid,3,120,42,50,54,56
S03,S,raise,valid,3,201,42,52,55,58
S03,S,raise,valid,4,012,42,50,55,58
S03,S,raise,valid,4,120,42,50,55,58
S03,S,raise,valid,4,201,42,50,52,56
S03,S,raise,valid,5,012,42,52,58,60
S03,S,raise,valid,5,120,42,52,56,60
S03,S,raise,valid,5,201,42,52,55,58
S03,S,raise,valid,6,012,42,48,52,55
S03,S,raise,valid,6,120,42,52,56,58
S03,S,raise,valid,6,201,42,52,55,60
S03,S,raise,valid,7,012,42,55,60,62
S03,S,raise,valid,7,120,42,50,54,56
S03,S,raise,valid,7,201,42,52,55,58
S03,S,raise,valid,8,012,42,55,60,62
S03,S,raise,valid,8,120,42,50,54,56
S03,S,raise,valid,8,201,42,52,55,58
S03,S,raise,valid,9,012,42,50,56,58
S03,S,raise,valid,9,120,42,50,53,55
S03,S,raise,valid,9,201,42,52,55,58
S03,S,raise,valid,10,012,42,50,55,58
S03,S,raise,valid,10,120,42,55,60,62
S03,S,raise,valid,10,201,42,55,58,62
S03,S,raise,valid,11,012,38,48,55,58
S03,S,raise,valid,11,120,38,45,50,52
S03,S,raise,valid,11,201,38,45,50,53
S03,S,raise,valid,12,012,42,55,60,62
S03,S,raise,valid,12,120,42,50,54,56
S03,S,raise,valid,12,201,42,50,52,55
S03,S,raise,valid,13,012,35,52,58,62
S03,S,raise,valid,13,120,35,45,50,52
S03,S,raise,valid,13,201,35,45,50,55
S03,S,raise,valid,14,012,42,50,56,58
S03,S,raise,valid,14,120,42,50,53,55
S03,S,raise,valid,14,201,42,55,58,60
S03,S,raise,valid,15,012,42,55,60,62
S03,S,raise,valid,15,120,42,50,54,56
S03,S,raise,valid,15,201,42,52,55,58
S03,S,raise,valid,16,012,38,52,58,60
S03,S,raise,valid,16,120,38,46,50,52
S03,S,raise,valid,16,201,38,48,52,56
S03,S,raise,valid,17,012,42,55,60,62
S03,S,raise,valid,17,120,42,52,56,58
S03,S,raise,valid,17,201,42,52,55,58
S03,S,raise,valid,18,012,42,55,60,62
S03,S,raise,valid,18,120,42,50,55,58
S03,S,raise,valid,18,201,42,52,55,58
S03,S,raise,valid,19,012,42,54,60,62
S03,S,raise,valid,19,120,42,48,52,55
S03,S,raise,valid,19,201,42,52,55,58
S03,S,raise,invalid,0,012,38,42,40,40
S03,S,raise,invalid,0,120,38,42,42,45
S03,S,raise,invalid,0,201,38,38,38,38
S03,S,raise,invalid,1,012,42,45,45,45
S03,S,raise,invalid,1,120,42,48,42,45
S03,S,raise,invalid,1,201,42,42,42,42
S03,S,raise,invalid,2,012,35,40,38,38
S03,S,raise,invalid,2,120,35,35,35,35
S03,S,raise,invalid,2,201,35,35,35,35
S03,S,raise,invalid,3,012,42,48,43,43
S03,S,raise,invalid,3,120,42,45,45,48
S03,S,raise,invalid,3,201,42,42,42,42
S03,S,raise,invalid,4,012,42,48,45,45
S03,S,raise,invalid,4,120,42,42,42,42
S03,S,raise,invalid,4,201,42,42,42,42
S03,S,raise,invalid,5,012,42,48,45,45
S03,S,raise,invalid,5,120,42,45,43,48
S03,S,raise,invalid,5,201,42,42,42,42
S03,S,raise,invalid,6,012,42,46,44,43
S03,S,raise,invalid,6,120,42,45,45,48
S03,S,raise,invalid,6,201,42,42,42,42
S03,S,raise,invalid,7,012,42,55,45,45
S03,S,raise,invalid,7,120,42,45,45,45
S03,S,raise,invalid,7,201,42,42,42,42
S03,S,raise,invalid,8,012,42,48,45,43
S03,S,raise,invalid,8,120,42,42,42,42
S03,S,raise,invalid,8,201,42,42,42,42
S03,S,raise,invalid,9,012,42,55,45,45
S03,S,raise,invalid,9,120,42,45,42,42
S03,S,raise,invalid,9,201,42,42,42,42
S03,S,raise,invalid,10,012,42,50,48,48
S03,S,raise,invalid,10,120,42,45,45,47
S03,S,raise,invalid,10,201,42,42,42,42
S03,S,raise,invalid,11,012,38,42,42,42
S03,S,raise,invalid,11,120,38,38,38,38
S03,S,raise,invalid,11,201,38,38,38,38
S03,S,raise,invalid,12,012,42,50,45,45
S03,S,raise,invalid,12,120,42,45,45,48
S03,S,raise,invalid,12,201,42,42,42,42
S03,S,raise,invalid,13,012,35,40,40,40
S03,S,raise,invalid,13,120,35,38,38,38
S03,S,raise,invalid,13,201,35,35,35,35
S03,S,raise,invalid,14,012,42,45,43,43
S03,S,raise,invalid,14,120,42,45,45,50
S03,S,raise,invalid,14,201,42,42,42,42
S03,S,raise,invalid,15,012,42,58,42,42
S03,S,raise,invalid,15,120,42,42,42,42
S03,S,raise,invalid,15,201,42,42,42,42
S03,S,raise,invalid,16,012,38,45,40,40
S03,S,raise,invalid,16,120,38,42,38,40
S03,S,raise,invalid,16,201,38,38,38,38
S03,S,raise,invalid,17,012,42,48,45,45
S03,S,raise,invalid,17,120,42,42,42,42
S03,S,raise,invalid,17,201,42,42,42,42
S03,S,raise,invalid,18,012,42,45,45,45
S03,S,raise,invalid,18,120,42,42,42,42
S03,S,raise,invalid,18,201,42,42,42,42
S03,S,raise,invalid,19,012,42,50,42,42
S03,S,raise,invalid,19,120,42,45,45,48
S03,S,raise,invalid,19,201,42,42,42,42
S04,S,lower,valid,0,012,94,91,88,86
S04,S,lower,valid,0,120,94,90,88,87
S04,S,lower,valid,0,201,94,90,90,88
S04,S,lower,valid,1,012,94,91,88,86
S04,S,lower,valid,1,120,94,90,88,87
S04,S,lower,valid,1,201,94,90,89,87
S04,S,lower,valid,2,012,95,91,88,86
S04,S,lower,valid,2,120,95,92,90,88
S04,S,lower,valid,2,201,95,92,90,88
S04,S,lower,valid,3,012,94,91,88,86
S04,S,lower,valid,3,120,94,90,88,87
S04,S,lower,valid,3,201,94,90,90,88
S04,S,lower,valid,4,012,92,89,87,85
S04,S,lower,valid,4,120,92,88,86,85
S04,S,lower,valid,4,201,92,88,90,87
S04,S,lower,valid,5,012,94,91,88,86
S04,S,lower,valid,5,120,94,90,88,87
S04,S,lower,valid,5,201,94,90,92,88
S04,S,lower,valid,6,012,94,91,88,86
S04,S,lower,valid,6,120,94,90,88,86
S04,S,lower,valid,6,201,94,90,89,87
S04,S,lower,valid,7,012,94,91,88,86
S04,S,lower,valid,7,120,94,90,88,87
S04,S,lower,valid,7,201,94,90,89,87
S04,S,lower,valid,8,012,94,90,87,85
S04,S,lower,valid,8,120,94,91,89,88
S04,S,lower,valid,8,201,94,90,92,89
S04,S,lower,valid,9,012,94,91,88,86
S04,S,lower,valid,9,120,94,90,88,87
S04,S,lower,valid,9,201,94,90,92,89
S04,S,lower,valid,10,012,92,88,85,83
S04,S,lower,valid,10,120,92,88,86,85
S04,S,lower,valid,10,201,92,88,88,86
S04,S,lower,valid,11,012,94,90,87,85
S04,S,lower,valid,11,120,94,90,88,87
S04,S,lower,valid,11,201,94,91,90,88
S04,S,lower,valid,12,012,94,91,88,86
S04,S,lower,valid,12,120,94,90,88,87
S04,S,lower,valid,12,201,94,91,90,88
S04,S,lower,valid,13,012,95,92,89,87
S04,S,lower,valid,13,120,95,92,90,89
S04,S,lower,valid,13,201,95,92,91,89
S04,S,lower,valid,14,012,94,91,88,86
S04,S,lower,valid,14,120,94,90,88,87
S04,S,lower,valid,14,201,94,91,90,88
S04,S,lower,valid,15,012,94,90,87,85
S04,S,lower,valid,15,120,94,90,88,87
S04,S,lower,valid,15,201,94,90,89,87
S04,S,lower,valid,16,012,94,90,87,85
S04,S,lower,valid,16,120,94,90,88,87
S04,S,lower,valid,16,201,94,91,90,88
S04,S,lower,valid,17,012,95,90,87,85
S04,S,lower,valid,17,120,95,92,90,89
S04,S,lower,valid,17,201,95,91,90,88
S04,S,lower,valid,18,012,94,90,87,85
S04,S,lower,valid,18,120,94,90,88,87
S04,S,lower,valid,18,201,94,90,89,87
S04,S,lower,valid,19,012,94,90,87,85
S04,S,lower,valid,19,120,94,90,88,87
S04,S,lower,valid,19,201,94,90,91,88
S04,S,lower,invalid,0,012,94,94,94,94
S04,S,lower,invalid,0,120,94,94,94,94
S04,S,lower,invalid,0,201,94,94,94,94
S04,S,lower,invalid,1,012,94,94,94,94
S04,S,lower,invalid,1,120,94,94,94,94
S04,S,lower,invalid,1,201,94,94,94,94
S04,S,lower,invalid,2,012,95,95,95,95
S04,S,lower,invalid,2,120,95,95,95,95
S04,S,lower,invalid,2,201,95,95,95,95
S04,S,lower,invalid,3,012,94,94,94,94
S04,S,lower,invalid,3,120,94,94,94,94
S04,S,lower,invalid,3,201,94,94,94,94
S04,S,lower,invalid,4,012,92,92,92,92
S04,S,lower,invalid,4,120,92,92,92,92
S04,S,lower,invalid,4,201,92,92,92,92
S04,S,lower,invalid,5,012,94,94,94,94
S04,S,lower,invalid,5,120,94,94,94,94
S04,S,lower,invalid,5,201,94,94,94,94
S04,S,lower,invalid,6,012,94,94,94,94
S04,S,lower,invalid,6,120,94,94,94,94
S04,S,lower,invalid,6,201,94,94,94,94
S04,S,lower,invalid,7,012,94,94,94,94
S04,S,lower,invalid,7,120,94,94,94,94
S04,S,lower,invalid,7,201,94,92,94,94
S04,S,lower,invalid,8,012,94,94,94,94
S04,S,lower,invalid,8,120,94,94,94,94
S04,S,lower,invalid,8,201,94,94,94,94
S04,S,lower,invalid,9,012,94,94,94,94
S04,S,lower,invalid,9,120,94,94,94,94
S04,S,lower,invalid,9,201,94,94,94,94
S04,S,lower,invalid,10,012,92,92,92,92
S04,S,lower,invalid,10,120,92,92,92,92
S04,S,lower,invalid,10,201,92,92,92,92
S04,S,lower,invalid,11,012,94,94,94,94
S04,S,lower,invalid,11,120,94,94,94,94
S04,S,lower,invalid,11,201,94,94,94,94
S04,S,lower,invalid,12,012,94,94,94,94
S04,S,lower,invalid,12,120,94,94,94,94
S04,S,lower,invalid,12,201,94,94,94,94
S04,S,lower,invalid,13,012,95,95,95,95
S04,S,lower,invalid,13,120,95,95,95,95
S04,S,lower,invalid,13,201,95,90,95,95
S04,S,lower,invalid,14,012,94,94,94,94
S04,S,lower,invalid,14,120,94,94,94,94
S04,S,lower,invalid,14,201,94,94,94,94
S04,S,lower,invalid,15,012,94,94,94,94
S04,S,lower,invalid,15,120,94,94,94,94
S04,S,lower,invalid,15,201,94,94,94,94
S04,S,lower,invalid,16,012,94,94,94,94
S04,S,lower,invalid,16,120,94,94,94,94
S04,S,lower,invalid,16,201,94,93,94,94
S04,S,lower,invalid,17,012,95,95,95,95
S04,S,lower,invalid,17,120,95,95,95,95
S04,S,lower,invalid,17,201,95,95,95,95
S04,S,lower,invalid,18,012,94,94,94,94
S04,S,lower,invalid,18,120,94,94,94,94
S04,S,lower,invalid,18,201,94,94,94,94
S04,S,lower,invalid,19,012,94,94,94,94
S04,S,lower,invalid,19,120,94,94,94,94
S04,S,lower,invalid,19,201,94,94,94,94
S05,S,lower,valid,0,012,58,45,38,34
S05,S,lower,valid,0,120,58,50,42,38
S05,S,lower,valid,0,201,58,45,40,35
S05,S,lower,valid,1,012,58,45,38,32
S05,S,lower,valid,1,120,58,45,40,35
S05,S,lower,valid,1,201,58,45,40,35
S05,S,lower,valid,2,012,45,35,28,25
S05,S,lower,valid,2,120,45,38,35,32
S05,S,lower,valid,2,201,45,35,30,25
S05,S,lower,valid,3,012,55,42,35,30
S05,S,lower,valid,3,120,55,42,35,30
S05,S,lower,valid,3,201,55,45,40,35
S05,S,lower,valid,4,012,55,42,35,30
S05,S,lower,valid,4,120,55,42,35,30
S05,S,lower,valid,4,201,55,45,38,32
S05,S,lower,valid,5,012,52,38,30,25
S05,S,lower,valid,5,120,52,38,32,28
S05,S,lower,valid,5,201,52,42,38,34
S05,S,lower,valid,6,012,55,42,35,30
S05,S,lower,valid,6,120,55,42,38,35
S05,S,lower,valid,6,201,55,45,38,35
S05,S,lower,valid,7,012,55,42,35,30
S05,S,lower,valid,7,120,55,42,35,30
S05,S,lower,valid,7,201,55,45,38,32
S05,S,lower,valid,8,012,52,42,35,30
S05,S,lower,valid,8,120,52,38,32,28
S05,S,lower,valid,8,201,52,42,35,32
S05,S,lower,valid,9,012,55,42,35,30
S05,S,lower,valid,9,120,55,45,38,35
S05,S,lower,valid,9,201,55,45,40,35
S05,S,lower,valid,10,012,55,42,35,30
S05,S,lower,valid,10,120,55,42,35,30
S05,S,lower,valid,10,201,55,45,38,32
S05,S,lower,valid,11,012,45,35,30,25
S05,S,lower,valid,11,120,45,35,30,25
S05,S,lower,valid,11,201,45,35,30,25
S05,S,lower,valid,12,012,52,42,35,30
S05,S,lower,valid,12,120,52,40,35,30
S05,S,lower,valid,12,201,52,42,35,30
S05,S,lower,valid,13,012,55,45,35,30
S05,S,lower,valid,13,120,55,42,35,30
S05,S,lower,valid,13,201,55,42,35,30
S05,S,lower,valid,14,012,55,42,35,30
S05,S,lower,valid,14,120,55,42,38,34
S05,S,lower,valid,14,201,55,42,38,35
S05,S,lower,valid,15,012,55,40,32,28
S05,S,lower,valid,15,120,55,42,38,34
S05,S,lower,valid,15,201,55,45,40,35
S05,S,lower,valid,16,012,52,42,35,30
S05,S,lower,valid,16,120,52,38,32,28
S05,S,lower,valid,16,201,52,42,35,30
S05,S,lower,valid,17,012,55,42,35,30
S05,S,lower,valid,17,120,55,42,35,30
S05,S,lower,valid,17,201,55,42,35,30
S05,S,lower,valid,18,012,52,40,32,28
S05,S,lower,valid,18,120,52,38,32,28
S05,S,lower,valid,18,201,52,40,35,30
S05,S,lower,valid,19,012,55,42,35,30
S05,S,lower,valid,19,120,55,45,40,35
S05,S,lower,valid,19,201,55,45,40,35
S05,S,lower,invalid,0,012,58,35,35,35
S05,S,lower,invalid,0,120,58,42,38,38
S05,S,lower,invalid,0,201,58,52,48,48
S05,S,lower,invalid,1,012,58,42,38,35
S05,S,lower,invalid,1,120,58,42,42,42
S05,S,lower,invalid,1,201,58,42,40,42
S05,S,lower,invalid,2,012,45,35,35,35
S05,S,lower,invalid,2,120,45,35,35,35
S05,S,lower,invalid,2,201,45,42,38,45
S05,S,lower,invalid,3,012,55,35,35,35
S05,S,lower,invalid,3,120,55,40,38,35
S05,S,lower,invalid,3,201,55,45,45,45
S05,S,lower,invalid,4,012,55,45,35,35
S05,S,lower,invalid,4,120,55,42,40,40
S05,S,lower,invalid,4,201,55,40,40,40
S05,S,lower,invalid,5,012,52,35,32,32
S05,S,lower,invalid,5,120,52,38,35,40
S05,S,lower,invalid,5,201,52,38,35,35
S05,S,lower,invalid,6,012,55,35,35,35
S05,S,lower,invalid,6,120,55,40,40,40
S05,S,lower,invalid,6,201,55,45,45,45
S05,S,lower,invalid,7,012,55,35,32,30
S05,S,lower,invalid,7,120,55,35,42,35
S05,S,lower,invalid,7,201,55,43,40,40
S05,S,lower,invalid,8,012,52,38,35,35
S05,S,lower,invalid,8,120,52,45,42,40
S05,S,lower,invalid,8,201,52,38,35,35
S05,S,lower,invalid,9,012,55,45,40,40
S05,S,lower,invalid,9,120,55,45,42,40
S05,S,lower,invalid,9,201,55,42,35,40
S05,S,lower,invalid,10,012,55,35,35,35
S05,S,lower,invalid,10,120,55,42,40,40
S05,S,lower,invalid,10,201,55,42,35,42
S05,S,lower,invalid,11,012,45,35,35,35
S05,S,lower,invalid,11,120,45,35,35,35
S05,S,lower,invalid,11,201,45,38,32,32
S05,S,lower,invalid,12,012,52,28,35,40
S05,S,lower,invalid,12,120,52,35,35,35
S05,S,lower,invalid,12,201,52,45,42,45
S05,S,lower,invalid,13,012,55,35,35,35
S05,S,lower,invalid,13,120,55,42,42,42
S05,S,lower,invalid,13,201,55,38,38,38
S05,S,lower,invalid,14,012,55,35,35,35
S05,S,lower,invalid,14,120,55,42,42,42
S05,S,lower,invalid,14,201,55,42,40,45
S05,S,lower,invalid,15,012,55,35,35,35
S05,S,lower,invalid,15,120,55,45,45,40
S05,S,lower,invalid,15,201,55,42,38,42
S05,S,lower,invalid,16,012,52,32,30,28
S05,S,lower,invalid,16,120,52,42,40,40
S05,S,lower,invalid,16,201,52,42,40,40
S05,S,lower,invalid,17,012,55,35,35,35
S05,S,lower,invalid,17,120,55,40,40,40
S05,S,lower,invalid,17,201,55,42,40,40
S05,S,lower,invalid,18,012,52,38,35,35
S05,S,lower,invalid,18,120,52,42,38,40
S05,S,lower,invalid,18,201,52,42,42,42
S05,S,lower,invalid,19,012,55,42,42,42
S05,S,lower,invalid,19,120,55,38,35,35
S05,S,lower,invalid,19,201,55,45,40,40
S06,S,lower,valid,0,012,88,82,76,72
S06,S,lower,valid,0,120,88,80,76,72
S06,S,lower,valid,0,201,88,82,78,74
S06,S,lower,valid,1,012,88,82,76,72
S06,S,lower,valid,1,120,88,78,74,70
S06,S,lower,valid,1,201,88,82,78,74
S06,S,lower,valid,2,012,88,82,76,72
S06,S,lower,valid,2,120,88,78,74,70
S06,S,lower,valid,2,201,88,82,76,72
S06,S,lower,valid,3,012,88,82,76,73
S06,S,lower,valid,3,120,88,80,76,72
S06,S,lower,valid,3,201,88,82,78,74
S06,S,lower,valid,4,012,87,80,74,70
S06,S,lower,valid,4,120,87,79,75,72
S06,S,lower,valid,4,201,87,82,78,74
S06,S,lower,valid,5,012,88,82,76,72
S06,S,lower,valid,5,120,88,78,74,70
S06,S,lower,valid,5,201,88,82,78,74
S06,S,lower,valid,6,012,88,82,76,72
S06,S,lower,valid,6,120,88,78,74,70
S06,S,lower,valid,6,201,88,82,78,74
S06,S,lower,valid,7,012,88,80,74,70
S06,S,lower,valid,7,120,88,78,74,70
S06,S,lower,valid,7,201,88,82,78,74
S06,S,lower,valid,8,012,88,82,76,72
S06,S,lower,valid,8,120,88,80,76,74
S06,S,lower,valid,8,201,88,82,78,74
S06,S,lower,valid,9,012,88,82,76,72
S06,S,lower,valid,9,120,88,78,74,70
S06,S,lower,valid,9,201,88,82,78,74
S06,S,lower,valid,10,012,88,82,76,72
S06,S,lower,valid,10,120,88,78,73,70
S06,S,lower,valid,10,201,88,82,78,74
S06,S,lower,valid,11,012,88,82,76,72
S06,S,lower,valid,11,120,88,78,74,70
S06,S,lower,valid,11,201,88,82,78,74
S06,S,lower,valid,12,012,88,82,75,72
S06,S,lower,valid,12,120,88,78,74,70
S06,S,lower,valid,12,201,88,82,78,73
S06,S,lower,valid,13,012,88,82,75,72
S06,S,lower,valid,13,120,88,78,74,72
S06,S,lower,valid,13,201,88,82,78,74
S06,S,lower,valid,14,012,88,82,76,72
S06,S,lower,valid,14,120,88,78,74,70
S06,S,lower,valid,14,201,88,82,78,73
S06,S,lower,valid,15,012,88,82,76,72
S06,S,lower,valid,15,120,88,78,74,70
S06,S,lower,valid,15,201,88,82,78,74
S06,S,lower,valid,16,012,88,82,76,72
S06,S,lower,valid,16,120,88,80,76,73
S06,S,lower,valid,16,201,88,82,78,74
S06,S,lower,valid,17,012,88,82,76,72
S06,S,lower,valid,17,120,88,78,75,72
S06,S,lower,valid,17,201,88,82,78,74
S06,S,lower,valid,18,012,88,82,76,73
S06,S,lower,valid,18,120,88,78,74,70
S06,S,lower,valid,18,201,88,82,78,74
S06,S,lower,valid,19,012,88,82,75,72
S06,S,lower,valid,19,120,88,78,74,72
S06,S,lower,valid,19,201,88,82,78,74
S06,S,lower,invalid,0,012,88,88,84,84
S06,S,lower,invalid,0,120,88,82,78,86
S06,S,lower,invalid,0,201,88,78,86,85
S06,S,lower,invalid,1,012,88,88,85,85
S06,S,lower,invalid,1,120,88,80,76,80
S06,S,lower,invalid,1,201,88,88,88,86
S06,S,lower,invalid,2,012,88,88,84,84
S06,S,lower,invalid,2,120,88,82,78,80
S06,S,lower,invalid,2,201,88,72,88,84
S06,S,lower,invalid,3,012,88,88,85,85
S06,S,lower,invalid,3,120,88,82,78,82
S06,S,lower,invalid,3,201,88,82,86,84
S06,S,lower,invalid,4,012,87,87,84,84
S06,S,lower,invalid,4,120,87,80,78,84
S06,S,lower,invalid,4,201,87,87,87,85
S06,S,lower,invalid,5,012,88,88,85,85
S06,S,lower,invalid,5,120,88,80,76,76
S06,S,lower,invalid,5,201,88,82,82,84
S06,S,lower,invalid,6,012,88,88,84,84
S06,S,lower,invalid,6,120,88,82,76,86
S06,S,lower,invalid,6,201,88,88,88,88
S06,S,lower,invalid,7,012,88,88,84,82
S06,S,lower,invalid,7,120,88,82,72,80
S06,S,lower,invalid,7,201,88,88,88,88
S06,S,lower,invalid,8,012,88,88,85,82
S06,S,lower,invalid,8,120,88,82,78,78
S06,S,lower,invalid,8,201,88,88,88,88
S06,S,lower,invalid,9,012,88,88,84,84
S06,S,lower,invalid,9,120,88,80,78,80
S06,S,lower,invalid,9,201,88,88,88,86
S06,S,lower,invalid,10,012,88,88,86,86
S06,S,lower,invalid,10,120,88,82,74,86
S06,S,lower,invalid,10,201,88,76,86,84
S06,S,lower,invalid,11,012,88,88,84,84
S06,S,lower,invalid,11,120,88,84,80,84
S06,S,lower,invalid,11,201,88,86,88,86
S06,S,lower,invalid,12,012,88,88,84,84
S06,S,lower,invalid,12,120,88,82,82,82
S06,S,lower,invalid,12,201,88,82,86,80
S06,S,lower,invalid,13,012,88,88,85,85
S06,S,lower,invalid,13,120,88,82,75,82
S06,S,lower,invalid,13,201,88,82,84,84
S06,S,lower,invalid,14,012,88,88,84,84
S06,S,lower,invalid,14,120,88,82,78,86
S06,S,lower,invalid,14,201,88,84,88,84
S06,S,lower,invalid,15,012,88,88,84,84
S06,S,lower,invalid,15,120,88,82,78,82
S06,S,lower,invalid,15,201,88,82,84,84
S06,S,lower,invalid,16,012,88,88,85,85
S06,S,lower,invalid,16,120,88,82,78,86
S06,S,lower,invalid,16,201,88,74,86,84
S06,S,lower,invalid,17,012,88,88,84,84
S06,S,lower,invalid,17,120,88,80,78,78
S06,S,lower,invalid,17,201,88,82,84,86
S06,S,lower,invalid,18,012,88,88,84,86
S06,S,lower,invalid,18,120,88,82,78,82
S06,S,lower,invalid,18,201,88,88,88,86
S06,S,lower,invalid,19,012,88,88,82,82
S06,S,lower,invalid,19,120,88,84,78,82
S06,S,lower,invalid,19,201,88,88,88,86
S07,S,raise,valid,0,012,37,45,50,52
S07,S,raise,valid,0,120,37,42,45,48
S07,S,raise,valid,0,201,37,45,49,52
S07,S,raise,valid,1,012,38,45,50,52
S07,S,raise,valid,1,120,38,43,46,49
S07,S,raise,valid,1,201,38,45,48,50
S07,S,raise,valid,2,012,32,40,45,48
S07,S,raise,valid,2,120,32,38,42,45
S07,S,raise,valid,2,201,32,40,45,48
S07,S,raise,valid,3,012,38,45,50,52
S07,S,raise,valid,3,120,38,43,45,48
S07,S,raise,valid,3,201,38,45,50,52
S07,S,raise,valid,4,012,35,42,45,48
S07,S,raise,valid,4,120,35,42,45,48
S07,S,raise,valid,4,201,35,42,48,52
S07,S,raise,valid,5,012,32,42,48,52
S07,S,raise,valid,5,120,32,38,42,45
S07,S,raise,valid,5,201,32,40,45,48
S07,S,raise,valid,6,012,35,42,48,50
S07,S,raise,valid,6,120,35,42,45,48
S07,S,raise,valid,6,201,35,42,45,48
S07,S,raise,valid,7,012,32,45,50,53
S07,S,raise,valid,7,120,32,40,43,45
S07,S,raise,valid,7,201,32,45,48,52
S07,S,raise,valid,8,012,42,48,52,54
S07,S,raise,valid,8,120,42,48,52,55
S07,S,raise,valid,8,201,42,50,52,55
S07,S,raise,valid,9,012,36,43,47,50
S07,S,raise,valid,9,120,36,42,45,48
S07,S,raise,valid,9,201,36,45,48,50
S07,S,raise,valid,10,012,35,45,50,52
S07,S,raise,valid,10,120,35,42,45,48
S07,S,raise,valid,10,201,35,42,45,48
S07,S,raise,valid,11,012,31,38,42,45
S07,S,raise,valid,11,120,31,38,42,45
S07,S,raise,valid,11,201,31,39,43,46
S07,S,raise,valid,12,012,36,45,49,52
S07,S,raise,valid,12,120,36,40,42,44
S07,S,raise,valid,12,201,36,45,48,50
S07,S,raise,valid,13,012,34,42,45,48
S07,S,raise,valid,13,120,34,39,42,44
S07,S,raise,valid,13,201,34,42,45,48
S07,S,raise,valid,14,012,32,45,50,53
S07,S,raise,valid,14,120,32,38,42,45
S07,S,raise,valid,14,201,32,42,45,48
S07,S,raise,valid,15,012,38,42,45,47
S07,S,raise,valid,15,120,38,44,47,50
S07,S,raise,valid,15,201,38,45,48,50
S07,S,raise,valid,16,012,35,45,48,50
S07,S,raise,valid,16,120,35,42,45,48
S07,S,raise,valid,16,201,35,42,45,48
S07,S,raise,valid,17,012,38,42,45,48
S07,S,raise,valid,17,120,38,42,45,48
S07,S,raise,valid,17,201,38,45,48,52
S07,S,raise,valid,18,012,35,42,45,48
S07,S,raise,valid,18,120,35,42,45,47
S07,S,raise,valid,18,201,35,42,45,48
S07,S,raise,valid,19,012,36,42,45,47
S07,S,raise,valid,19,120,36,42,45,48
S07,S,raise,valid,19,201,36,43,47,50
S07,S,raise,invalid,0,012,37,37,37,37
S07,S,raise,invalid,0,120,37,37,37,37
S07,S,raise,invalid,0,201,37,42,40,40
S07,S,raise,invalid,1,012,38,38,38,38
S07,S,raise,invalid,1,120,38,38,38,38
S07,S,raise,invalid,1,201,38,45,42,42
S07,S,raise,invalid,2,012,32,32,32,32
S07,S,raise,invalid,2,120,32,32,32,32
S07,S,raise,invalid,2,201,32,45,38,40
S07,S,raise,invalid,3,012,38,38,38,38
S07,S,raise,invalid,3,120,38,38,38,38
S07,S,raise,invalid,3,201,38,45,40,38
S07,S,raise,invalid,4,012,35,35,35,35
S07,S,raise,invalid,4,120,35,38,38,38
S07,S,raise,invalid,4,201,35,55,40,42
S07,S,raise,invalid,5,012,32,32,32,32
S07,S,raise,invalid,5,120,32,32,32,32
S07,S,raise,invalid,5,201,32,42,35,36
S07,S,raise,invalid,6,012,35,35,35,35
S07,S,raise,invalid,6,120,35,35,38,36
S07,S,raise,invalid,6,201,35,55,40,38
S07,S,raise,invalid,7,012,32,32,32,32
S07,S,raise,invalid,7,120,32,32,32,32
S07,S,raise,invalid,7,201,32,45,35,38
S07,S,raise,invalid,8,012,42,42,42,42
S07,S,raise,invalid,8,120,42,42,42,42
S07,S,raise,invalid,8,201,42,55,42,42
S07,S,raise,invalid,9,012,36,36,36,36
S07,S,raise,invalid,9,120,36,36,36,36
S07,S,raise,invalid,9,201,36,52,38,40
S07,S,raise,invalid,10,012,35,35,35,35
S07,S,raise,invalid,10,120,35,35,35,35
S07,S,raise,invalid,10,201,35,45,38,40
S07,S,raise,invalid,11,012,31,31,31,31
S07,S,raise,invalid,11,120,31,31,31,31
S07,S,raise,invalid,11,201,31,42,35,35
S07,S,raise,invalid,12,012,36,36,36,36
S07,S,raise,invalid,12,120,36,36,36,36
S07,S,raise,invalid,12,201,36,45,40,42
S07,S,raise,invalid,13,012,34,34,34,34
S07,S,raise,invalid,13,120,34,34,34,34
S07,S,raise,invalid,13,201,34,48,38,40
S07,S,raise,invalid,14,012,32,32,32,32
S07,S,raise,invalid,14,120,32,35,35,35
S07,S,raise,invalid,14,201,32,42,35,38
S07,S,raise,invalid,15,012,38,38,38,38
S07,S,raise,invalid,15,120,38,38,38,38
S07,S,raise,invalid,15,201,38,55,42,40
S07,S,raise,invalid,16,012,35,35,35,35
S07,S,raise,invalid,16,120,35,35,35,35
S07,S,raise,invalid,16,201,35,45,38,40
S07,S,raise,invalid,17,012,38,38,38,38
S07,S,raise,invalid,17,120,38,38,38,38
S07,S,raise,invalid,17,201,38,45,42,42
S07,S,raise,invalid,18,012,35,35,35,35
S07,S,raise,invalid,18,120,35,35,35,35
S07,S,raise,invalid,18,201,35,55,40,42
S07,S,raise,invalid,19,012,36,38,38,38
S07,S,raise,invalid,19,120,36,38,38,38
S07,S,raise,invalid,19,201,36,42,38,38
S08,S,lower,valid,0,012,96,93,88,84
S08,S,lower,valid,0,120,96,90,86,84
S08,S,lower,valid,0,201,96,88,92,87
S08,S,lower,valid,1,012,96,93,88,85
S08,S,lower,valid,1,120,96,88,84,82
S08,S,lower,valid,1,201,96,91,89,87
S08,S,lower,valid,2,012,95,92,85,82
S08,S,lower,valid,2,120,95,86,82,80
S08,S,lower,valid,2,201,95,90,88,85
S08,S,lower,valid,3,012,96,93,88,85
S08,S,lower,valid,3,120,96,88,84,82
S08,S,lower,valid,3,201,96,90,88,85
S08,S,lower,valid,4,012,96,93,88,85
S08,S,lower,valid,4,120,96,88,84,82
S08,S,lower,valid,4,201,96,90,88,84
S08,S,lower,valid,5,012,96,94,88,85
S08,S,lower,valid,5,120,96,88,84,83
S08,S,lower,valid,5,201,96,91,89,86
S08,S,lower,valid,6,012,96,94,88,85
S08,S,lower,valid,6,120,96,86,82,80
S08,S,lower,valid,6,201,96,90,89,86
S08,S,lower,valid,7,012,96,94,88,85
S08,S,lower,valid,7,120,96,88,84,82
S08,S,lower,valid,7,201,96,90,88,84
S08,S,lower,valid,8,012,96,93,88,85
S08,S,lower,valid,8,120,96,88,84,82
S08,S,lower,valid,8,201,96,90,88,85
S08,S,lower,valid,9,012,96,93,88,85
S08,S,lower,valid,9,120,96,88,84,82
S08,S,lower,valid,9,201,96,90,88,86
S08,S,lower,valid,10,012,95,92,86,82
S08,S,lower,valid,10,120,95,86,82,80
S08,S,lower,valid,10,201,95,90,88,85
S08,S,lower,valid,11,012,96,94,88,86
S08,S,lower,valid,11,120,96,88,84,82
S08,S,lower,valid,11,201,96,90,88,85
S08,S,lower,valid,12,012,96,93,88,85
S08,S,lower,valid,12,120,96,90,86,85
S08,S,lower,valid,12,201,96,90,88,85
S08,S,lower,valid,13,012,96,94,88,85
S08,S,lower,valid,13,120,96,90,88,86
S08,S,lower,valid,13,201,96,90,88,85
S08,S,lower,valid,14,012,96,93,88,86
S08,S,lower,valid,14,120,96,88,84,82
S08,S,lower,valid,14,201,96,90,93,88
S08,S,lower,valid,15,012,96,93,88,85
S08,S,lower,valid,15,120,96,90,86,84
S08,S,lower,valid,15,201,96,90,88,84
S08,S,lower,valid,16,012,95,92,88,85
S08,S,lower,valid,16,120,95,88,84,83
S08,S,lower,valid,16,201,95,90,89,86
S08,S,lower,valid,17,012,96,93,88,84
S08,S,lower,valid,17,120,96,88,84,82
S08,S,lower,valid,17,201,96,90,89,86
S08,S,lower,valid,18,012,96,92,87,84
S08,S,lower,valid,18,120,96,88,85,84
S08,S,lower,valid,18,201,96,90,88,85
S08,S,lower,valid,19,012,96,94,88,85
S08,S,lower,valid,19,120,96,88,84,82
S08,S,lower,valid,19,201,96,90,89,87
S08,S,lower,invalid,0,012,96,96,96,96
S08,S,lower,invalid,0,120,96,96,96,96
S08,S,lower,invalid,0,201,96,96,96,96
S08,S,lower,invalid,1,012,96,96,96,96
S08,S,lower,invalid,1,120,96,96,96,96
S08,S,lower,invalid,1,201,96,96,96,96
S08,S,lower,invalid,2,012,95,95,95,95
S08,S,lower,invalid,2,120,95,95,95,95
S08,S,lower,invalid,2,201,95,95,95,95
S08,S,lower,invalid,3,012,96,96,96,96
S08,S,lower,invalid,3,120,96,96,96,96
S08,S,lower,invalid,3,201,96,96,96,96
S08,S,lower,invalid,4,012,96,96,96,96
S08,S,lower,invalid,4,120,96,96,96,96
S08,S,lower,invalid,4,201,96,96,96,96
S08,S,lower,invalid,5,012,96,96,96,96
S08,S,lower,invalid,5,120,96,96,96,96
S08,S,lower,invalid,5,201,96,96,96,96
S08,S,lower,invalid,6,012,96,96,96,96
S08,S,lower,invalid,6,120,96,96,96,96
S08,S,lower,invalid,6,201,96,96,96,96
S08,S,lower,invalid,7,012,96,96,96,96
S08,S,lower,invalid,7,120,96,96,96,96
S08,S,lower,invalid,7,201,96,96,96,96
S08,S,lower,invalid,8,012,96,96,96,96
S08,S,lower,invalid,8,120,96,96,96,96
S08,S,lower,invalid,8,201,96,96,96,96
S08,S,lower,invalid,9,012,96,96,96,96
S08,S,lower,invalid,9,120,96,95,95,96
S08,S,lower,invalid,9,201,96,96,96,96
S08,S,lower,invalid,10,012,95,95,95,95
S08,S,lower,invalid,10,120,95,95,95,95
S08,S,lower,invalid,10,201,95,95,95,95
S08,S,lower,invalid,11,012,96,96,96,96
S08,S,lower,invalid,11,120,96,96,96,96
S08,S,lower,invalid,11,201,96,96,96,96
S08,S,lower,invalid,12,012,96,96,96,96
S08,S,lower,invalid,12,120,96,96,96,96
S08,S,lower,invalid,12,201,96,96,96,96
S08,S,lower,invalid,13,012,96,96,96,96
S08,S,lower,invalid,13,120,96,96,96,96
S08,S,lower,invalid,13,201,96,96,96,96
S08,S,lower,invalid,14,012,96,96,96,96
S08,S,lower,invalid,14,120,96,96,96,96
S08,S,lower,invalid,14,201,96,96,96,96
S08,S,lower,invalid,15,012,96,96,96,96
S08,S,lower,invalid,15,120,96,96,96,96
S08,S,lower,invalid,15,201,96,96,96,96
S08,S,lower,invalid,16,012,95,95,95,95
S08,S,lower,invalid,16,120,95,95,95,95
S08,S,lower,invalid,16,201,95,95,95,95
S08,S,lower,invalid,17,012,96,96,96,96
S08,S,lower,invalid,17,120,96,96,96,96
S08,S,lower,invalid,17,201,96,96,96,96
S08,S,lower,invalid,18,012,96,96,96,96
S08,S,lower,invalid,18,120,96,96,96,96
S08,S,lower,invalid,18,201,96,96,96,96
S08,S,lower,invalid,19,012,96,96,96,96
S08,S,lower,invalid,19,120,96,96,96,96
S08,S,lower,invalid,19,201,96,96,96,96
